decision,term,kind,genre_bucket
drop,elvis-fictitious-character,tag,adventure
drop,cole,tag,adventure
activate,aboriginal-australians,tag,adventure
drop,outside-online,tag,adventure
drop,pitt,tag,adventure
drop,aubrey,tag,adventure
drop,cynical,tag,adventure
drop,dirk-fictitious-character,tag,adventure
activate,entertainment-and-celebrities,tag,biography-memoir
activate,entertainment-and-performing-arts,tag,biography-memoir
merge:autobiography,autobiographies,tag,biography-memoir
activate,motion-picture-actors-and-actresses,tag,biography-memoir
merge:memoir,memoirs,tag,biography-memoir
activate,rock-musicians,tag,biography-memoir
activate,african-american-authors,tag,biography-memoir
activate,comedians,tag,biography-memoir
activate,politics-and-activism,tag,biography-memoir
activate,and-spirituality,tag,biography-memoir
activate,military-art-and-science,tag,biography-memoir
activate,intimate,tag,biography-memoir
activate,cinema-and-tv,tag,biography-memoir
merge:politics,politicians,tag,biography-memoir
activate,helicopter-pilots,tag,biography-memoir
activate,automobile-industry-and-trade,tag,biography-memoir
activate,antiquarian-booksellers,tag,biography-memoir
activate,television-actors-and-actresses,tag,biography-memoir
merge:musician,musicians,tag,biography-memoir
activate,socialism,tag,biography-memoir
activate,biography-memoir,tag,biography-memoir
activate,childbirth,tag,biography-memoir
activate,personal-finance,tag,business-&-economics
activate,business-development-and-entrepreneurship,tag,business-&-economics
activate,new-business-enterprises,tag,business-&-economics
activate,small-business,tag,business-&-economics
drop,barnes-and-noble,tag,business-&-economics
activate,money,tag,business-&-economics
activate,business-and-economics-time-management,tag,business-&-economics
activate,marketing-and-sales,tag,business-&-economics
activate,choice-psychology,tag,business-&-economics
merge:morally-gray-antihero,morally-grey-characters,tag,fantasy
merge:fairy-tale-retelling,fairy-tales,tag,fantasy
drop,shounen,tag,fantasy
activate,mythology,tag,fantasy
merge:magic-system-with-a-cost,magic-system-with-consequences,tag,fantasy
activate,strong-female-protagonist,tag,fantasy
merge:young-adult,childrens-and-young-adult,tag,fantasy
merge:rival-turned-ally,enemies-to-allies,tag,fantasy
merge:dragons,dragons-and-mythical-creatures,tag,fantasy
drop,light-novels,tag,fantasy
activate,ya-fantasy,subgenre,fantasy
activate,progression-fantasy,tag,fantasy
drop,game-trials,tag,fantasy
merge:lit-rpg-game-lit,lit-rpg,tag,fantasy
merge:young-adult,jeune-adulte,tag,fantasy
drop,light-novel,tag,fantasy
merge:war,epic-war,tag,fantasy
activate,secondary-world,tag,fantasy
drop,games-and-activities,tag,fantasy
merge:heist,heist-and-rebellions,tag,fantasy
activate,underdog-rising,tag,fantasy
activate,dragon-lore,tag,fantasy
activate,hidden-magic,tag,fantasy
merge:quest-journey-narrative,quest,tag,fantasy
activate,power-struggles,tag,fantasy
activate,loyal-companions,tag,fantasy
drop,imaginary-places,tag,fantasy
merge:elves-dwarves-orcs,elves,tag,fantasy
activate,norse-inspired-fantasy,tag,fantasy
merge:apprenticeship-training-arc,apprentices,tag,fantasy
drop,shonenjump,tag,fantasy
activate,found-confidence,tag,fantasy
activate,power-and-corruption,tag,fantasy
drop,dragonlance,tag,fantasy
activate,divine-conflict-between-gods,tag,fantasy
activate,magic-system-with-rules,tag,fantasy
activate,gods-and-demons,tag,fantasy
activate,high-stakes-survival,tag,fantasy
merge:fantasy,fantasy-comic-books,tag,fantasy
merge:fae-courts,faerie-courts,tag,fantasy
activate,high-stakes-fantasy-adventure,tag,fantasy
merge:romantasy,fantasyromance,tag,fantasy
activate,systemic-injustice,tag,fantasy
activate,dragon-pov,tag,fantasy
activate,mythical,tag,fantasy
drop,duty,tag,fantasy
merge:lgbtq,lgbtqia2s,tag,fantasy
activate,brutality-of-war,tag,fantasy
activate,multiple-perspectives,tag,fantasy
activate,hard-magic-system,tag,fantasy
drop,fantastic-fiction,tag,fantasy
activate,alchemy,tag,fantasy
merge:fantasy,fantasy-and-magic,tag,fantasy
merge:fantasy,genre-fantasy,tag,fantasy
merge:lit-rpg-game-lit,light-novel-litrpg,tag,fantasy
activate,asian-inspired,tag,fantasy
activate,military-fantasy,tag,fantasy
activate,magic-system,tag,fantasy
activate,anti-hero-protagonists,tag,fantasy
activate,corrupt-empires-and-tyrannical-rule,tag,fantasy
activate,hidden-supernatural-world,tag,fantasy
activate,dungeon-crawler,tag,fantasy
drop,correct-and-complete,tag,fantasy
activate,dungeons-and-dragons,tag,fantasy
drop,sh-jo,tag,fantasy
activate,dangerous-magic,tag,fantasy
activate,good-vs-evil,tag,fantasy
activate,deadly-competition,tag,fantasy
drop,discworld-imaginary-place,tag,fantasy
drop,reading-list,tag,fantasy
activate,power,tag,fantasy
merge:fantasy,fantasy-wuxia,tag,fantasy
activate,love-vs-duty,tag,fantasy
activate,loyalty,tag,fantasy
merge:fantasy,fiction-fantasy,tag,fantasy
activate,witch-hunts-and-persecution,tag,fantasy
drop,magie,tag,fantasy
activate,courts-and-courtiers,tag,fantasy
merge:greek,greek-fiction,tag,fantasy
activate,covenant,tag,fantasy
activate,political-and-social-commentary,tag,fantasy
activate,empire,tag,fantasy
activate,bargains-and-oaths,tag,fantasy
activate,academic-rivals,tag,fantasy
activate,generational-conflict,tag,fantasy
drop,fantezie-urbana,tag,fantasy
activate,forgotten-realms,tag,fantasy
drop,rpg-raiz,tag,fantasy
activate,battles,tag,fantasy
activate,solo-levelling,tag,fantasy
activate,animal-fiction,tag,fantasy
activate,clubs,tag,fantasy
drop,series-cradle,tag,fantasy
drop,dnd,tag,fantasy
drop,thomas-fictitious-character,tag,fantasy
activate,rebellion-against-tradition,tag,fantasy
merge:horror,genre-horror-weird,tag,fantasy
merge:humor,fantasy-humour,tag,fantasy
activate,city-state,tag,fantasy
drop,mage-mc,tag,fantasy
activate,magicians,tag,fantasy
activate,greek,tag,fantasy
drop,dark-atmosphere,tag,fantasy
drop,as-sub,tag,fantasy
activate,alchemists,tag,fantasy
activate,horror-stories,tag,fantasy
drop,signed,tag,fantasy
drop,tbb-sub-fantasy-t2,tag,fantasy
drop,azione-e-avventura,tag,fantasy
drop,series-defiance-of-the-fall,tag,fantasy
activate,ya-horror,subgenre,fantasy
merge:academia,academia-fantasy,tag,fantasy
merge:humor,fantasy-comedy,tag,fantasy
merge:epic,epic-length,tag,fantasy
activate,wizards,tag,fantasy
activate,cycle-of-violence,tag,fantasy
merge:assassins,assassin-training-academy,tag,fantasy
activate,elite-institutions,tag,fantasy
activate,faith-vs-truth,tag,fantasy
activate,boss-battles,tag,fantasy
activate,children-s-fiction,tag,fantasy
activate,alliances,tag,fantasy
activate,subjects,tag,fantasy
drop,oz-imaginary-place,tag,fantasy
merge:lit-rpg-game-lit,genre-litrpg-comedy,tag,fantasy
merge:romantasy,fiction-fantasy-romance,tag,fantasy
merge:magic-user,magic-users,tag,fantasy
merge:male-male-romance,danmei,tag,fantasy
activate,polish,tag,fantasy
drop,dragoni,tag,fantasy
drop,roleplaying-games,tag,fantasy
drop,mangaup,tag,fantasy
merge:romantasy,comics-and-graphic-novels-fantasy-general,tag,fantasy
drop,isekai,tag,fantasy
drop,german-language-materials,tag,fantasy
activate,oppression,tag,fantasy
activate,alternate-earth,tag,fantasy
drop,tbb-the-graveyard,tag,fantasy
activate,love-and-mortality,tag,fantasy
activate,choice-vs-destiny,tag,fantasy
merge:vampires,fantasy-vampires,tag,fantasy
activate,witchy,tag,fantasy
activate,greek-and-roman,tag,fantasy
activate,danish,tag,fantasy
merge:romantasy,romance-science-fiction-and-fantasy,tag,fantasy
drop,philosopher-s-stone,tag,fantasy
merge:graphic-novel,graphic-novel-horror,tag,fantasy
merge:lit-rpg-game-lit,fantasy-isekai-gamelit,tag,fantasy
drop,fuck-the-patriarchy,tag,fantasy
drop,as-add-on,tag,fantasy
drop,tbb-sub-sf-and-f,tag,fantasy
activate,amusement-parks,tag,fantasy
activate,protagonist-with-physical-limitation,tag,fantasy
merge:adventure,epic-action-and-adventure,tag,fantasy
activate,village,tag,fantasy
drop,fantasy-horror-thrillers,tag,fantasy
drop,eldritch-and-cosmic-horror,tag,fantasy
activate,forest,tag,fantasy
drop,literary-work,tag,fantasy
drop,mitologia,tag,fantasy
drop,classical,tag,fantasy
drop,novelists,tag,fantasy
merge:ya-fantasy,young-adult-fantasy,tag,fantasy
drop,cabinet-mid,tag,fantasy
merge:fantasy,fantasy-general,tag,fantasy
merge:fantasy,fantasy-literary-fiction,tag,fantasy
activate,druids-and-druidism,tag,fantasy
activate,greek-drama-tragedy,tag,fantasy
drop,yiddishkeit,tag,fantasy
activate,quest-trope,tag,fantasy
drop,quintus-licinius-fictitious-character,tag,fantasy
activate,gods-and-goddesses,tag,fantasy
activate,freedom,tag,fantasy
activate,next,tag,fantasy
drop,fictio,tag,fantasy
merge:fantasy,fantas-a,tag,fantasy
drop,xianxia,tag,fantasy
activate,indigenous-peoples,tag,fantasy
activate,tales,tag,fantasy
activate,wistful,tag,fantasy
drop,aardvark,tag,fantasy
drop,shannara-heritage,tag,fantasy
drop,nonbinary-author,tag,fantasy
activate,cleric,tag,fantasy
activate,occultism,tag,fantasy
drop,fc-sub-ya,tag,fantasy
merge:lit-rpg-game-lit,isekai-fantasy-litrpg,tag,fantasy
activate,dragon-mythology,tag,fantasy
activate,desert,tag,fantasy
drop,fantasy-series,tag,fantasy
activate,quests-expeditions,tag,fantasy
activate,illegal-magic,tag,fantasy
activate,crime-families,tag,fantasy
activate,charms,tag,fantasy
activate,dresden,tag,fantasy
activate,violence-with-consequences,tag,fantasy
drop,diverse-cast,tag,fantasy
activate,goblins,tag,fantasy
activate,knowing-the-end,tag,fantasy
merge:african,african-inspired-fantasy,tag,fantasy
activate,rival-prodigies,tag,fantasy
activate,dragon-slayers,tag,fantasy
activate,myth-vs-truth,tag,fantasy
activate,forbidden-roles,tag,fantasy
activate,wish-fulfilment,tag,fantasy
activate,demon-courts,tag,fantasy
activate,biological-threat,tag,fantasy
activate,parody,tag,fantasy
drop,lestat-fictitious-character,tag,fantasy
merge:lgbtq,lgbtq-fantasy,tag,fantasy
drop,valkyrie-fictitious-character,tag,fantasy
drop,charlie-fictitious-character,tag,fantasy
merge:young-adult,fiction-young-adult,tag,fantasy
drop,baggins,tag,fantasy
drop,middle-earth-imaginary-place,tag,fantasy
drop,children-with-disabilities,tag,fantasy
drop,richard-fictitious-character,tag,fantasy
activate,anger,tag,fantasy
activate,christian-pilgrims-and-pilgrimages,tag,fantasy
activate,clocks-and-watches,tag,fantasy
drop,fantasy-short-stories,tag,fantasy
activate,behavior-modification,tag,fantasy
drop,cato,tag,fantasy
activate,colombian-fiction,tag,fantasy
activate,libraries,tag,fantasy
drop,unapologetic,tag,fantasy
drop,klaus-fictitious-character,tag,fantasy
activate,highfantasy,tag,fantasy
drop,series-mead-mishaps,tag,fantasy
activate,surreal,tag,fantasy
activate,womanhood,tag,fantasy
activate,cypher,tag,fantasy
drop,fantas-a-oscura,tag,fantasy
drop,non-classifiable,tag,fantasy
activate,abnormalities,tag,fantasy
activate,literature-and-fiction-action-and-adventure,tag,fantasy
activate,empresses,tag,fantasy
drop,shannara-imaginary-place,tag,fantasy
drop,series-mark-of-the-fool,tag,fantasy
drop,xanth-imaginary-place,tag,fantasy
drop,liminal,tag,fantasy
drop,badgers,tag,fantasy
drop,adult-mc,tag,fantasy
activate,classics,tag,cross-genre
activate,lgbtq,tag,cross-genre
activate,war,tag,cross-genre
drop,informative,tag,cross-genre
merge:young-adult,juvenile-fiction,tag,cross-genre
merge:young-adult,young-adult-fiction,tag,cross-genre
drop,literature,tag,cross-genre
drop,comics-and-graphic-novels,tag,cross-genre
activate,murder,tag,cross-genre
activate,friendship,tag,cross-genre
activate,humor,tag,cross-genre
activate,magic,tag,cross-genre
activate,religion,tag,cross-genre
activate,women,tag,cross-genre
activate,business-and-economics,tag,cross-genre
merge:young-adult,children,tag,cross-genre
merge:graphic-novel,graphic-novels,tag,cross-genre
activate,science,tag,cross-genre
activate,family,tag,cross-genre
activate,police,tag,cross-genre
activate,manga,tag,cross-genre
activate,social-science,tag,cross-genre
drop,juvenile-nonfiction,tag,cross-genre
drop,spanish,tag,cross-genre
activate,african-americans,tag,cross-genre
merge:adventure-novels,action-and-adventure,tag,cross-genre
merge:literary-fiction,literature-and-fiction,tag,cross-genre
merge:fantasy,fantasy-fiction,tag,cross-genre
activate,children-s-stories,tag,cross-genre
activate,epic,tag,cross-genre
activate,travel,tag,cross-genre
drop,literary-collections,tag,cross-genre
activate,political-science,tag,cross-genre
merge:adventure-novels,adventure-stories,tag,cross-genre
drop,literary-criticism,tag,cross-genre
merge:young-adult,middle-grade,tag,cross-genre
drop,english-fiction,tag,cross-genre
merge:young-adult,drama,tag,cross-genre
activate,suspenseful,tag,cross-genre
activate,military,tag,cross-genre
activate,historical,tag,cross-genre
drop,sh-nen,tag,cross-genre
activate,occult,tag,cross-genre
merge:chick-lit,chicklit,tag,cross-genre
drop,etc,tag,cross-genre
activate,education,tag,cross-genre
activate,family-and-relationships,tag,cross-genre
activate,adventure,tag,cross-genre
activate,american-fiction,tag,cross-genre
activate,strips,tag,cross-genre
activate,picture-book,tag,cross-genre
drop,from-audible,tag,cross-genre
activate,female-author,tag,cross-genre
activate,native-americans,tag,cross-genre
activate,humorous,tag,cross-genre
activate,art,tag,cross-genre
activate,nature,tag,cross-genre
drop,large-type-books,tag,cross-genre
activate,animals,tag,cross-genre
activate,male-author,tag,cross-genre
activate,man-woman-relationships,tag,cross-genre
activate,vampires,tag,cross-genre
activate,steamy,tag,cross-genre
activate,pirates,tag,cross-genre
activate,health-and-fitness,tag,cross-genre
activate,united-states,tag,cross-genre
activate,folklore,tag,cross-genre
activate,identity,tag,cross-genre
drop,libby,tag,cross-genre
drop,authors,tag,cross-genre
activate,cooking,tag,cross-genre
drop,horror-tales,tag,cross-genre
activate,body,tag,cross-genre
merge:humor,humour,tag,cross-genre
activate,england,tag,cross-genre
activate,comedy-drama,tag,cross-genre
activate,dark-secrets,tag,cross-genre
activate,mind-and-spirit,tag,cross-genre
activate,personal-growth,tag,cross-genre
drop,thought-provoking,tag,cross-genre
activate,great-britain,tag,cross-genre
activate,gothic,tag,cross-genre
activate,medical,tag,cross-genre
activate,feminism,tag,cross-genre
activate,mathematics,tag,cross-genre
activate,families,tag,cross-genre
activate,music,tag,cross-genre
activate,spicy,tag,cross-genre
drop,genre-fiction,tag,cross-genre
activate,adventure-and-adventurers,tag,cross-genre
activate,language-arts-and-disciplines,tag,cross-genre
activate,witty-banter-and-sharp-dialogue,tag,cross-genre
activate,anthology,tag,cross-genre
drop,book-tok-sensation,tag,cross-genre
drop,seinen,tag,cross-genre
activate,assassins,tag,cross-genre
activate,cozy,tag,cross-genre
drop,standalone,tag,cross-genre
merge:angsty,angst,tag,cross-genre
activate,urban,tag,cross-genre
activate,brothers-and-sisters,tag,cross-genre
activate,finance,tag,cross-genre
activate,detective,tag,cross-genre
drop,performing-arts,tag,cross-genre
activate,christianity,tag,cross-genre
activate,satire,tag,cross-genre
activate,trauma-and-healing,tag,cross-genre
activate,steampunk,tag,cross-genre
activate,mental-health,tag,cross-genre
drop,paranormal-and-urban,tag,cross-genre
activate,realistic-fiction,tag,cross-genre
activate,foreign-language-study,tag,cross-genre
activate,brothers,tag,cross-genre
activate,psychological,tag,cross-genre
activate,japan,tag,cross-genre
activate,supernatural,tag,cross-genre
merge:essay,essays,tag,cross-genre
merge:american,americans,tag,cross-genre
drop,from-nas,tag,cross-genre
drop,large-print-books,tag,cross-genre
drop,sappy,tag,cross-genre
drop,classique,tag,cross-genre
merge:literary-fiction,literature-and-fiction-science-fiction-and-fantasy,tag,cross-genre
activate,comedy,tag,cross-genre
activate,reference,tag,cross-genre
drop,wd,tag,cross-genre
drop,electronic-books,tag,cross-genre
drop,aventure,tag,cross-genre
activate,demonology,tag,cross-genre
drop,novella,tag,cross-genre
activate,technology-and-engineering,tag,cross-genre
activate,betrayal,tag,cross-genre
drop,big-5,tag,cross-genre
activate,self-improvement,tag,cross-genre
activate,sociology,tag,cross-genre
activate,suspense,tag,cross-genre
activate,economics,tag,cross-genre
activate,murder-mystery,tag,cross-genre
merge:lgbtq,queer,tag,cross-genre
activate,death,tag,cross-genre
activate,california,tag,cross-genre
drop,short-stories,tag,cross-genre
merge:young-adult,young-adult-nonfiction,tag,cross-genre
activate,graphic-novel,tag,cross-genre
activate,complicated-romance,tag,cross-genre
activate,good-and-evil,tag,cross-genre
activate,boarding-schools,tag,cross-genre
activate,children-s-literature,tag,cross-genre
activate,asian-american,tag,cross-genre
activate,law,tag,cross-genre
activate,france,tag,cross-genre
merge:romance,erotic-stories,tag,cross-genre
drop,witty,tag,cross-genre
merge:biography-memoir,biographies-and-memoirs,tag,cross-genre
drop,fiction-historique,tag,cross-genre
drop,cats,tag,cross-genre
merge:education,educational,tag,cross-genre
drop,slice-of-life,tag,cross-genre
activate,dark-humour,tag,cross-genre
activate,scary,tag,cross-genre
drop,first-person-pov,tag,cross-genre
activate,china,tag,cross-genre
activate,gay-men,tag,cross-genre
activate,survival,tag,cross-genre
activate,technology,tag,cross-genre
activate,retelling,tag,cross-genre
drop,physical-book,tag,cross-genre
activate,grief,tag,cross-genre
activate,london-england,tag,cross-genre
merge:male-male-romance,m-m-romance,tag,cross-genre
activate,personal-development,tag,cross-genre
activate,witches,tag,cross-genre
activate,personal-success,tag,cross-genre
activate,private-investigators,tag,cross-genre
activate,fairies,tag,cross-genre
activate,design,tag,cross-genre
activate,systemic-oppression-and-resistance,tag,cross-genre
drop,fictiune,tag,cross-genre
drop,humblebundle,tag,cross-genre
activate,russia,tag,cross-genre
activate,aristocracy-social-class,tag,cross-genre
activate,capitalism,tag,cross-genre
activate,relationships,tag,cross-genre
activate,conspiracies,tag,cross-genre
activate,introspective,tag,cross-genre
activate,action-packed,tag,cross-genre
activate,female-protagonist,tag,cross-genre
drop,imaginary-wars-and-battles,tag,cross-genre
drop,moving,tag,cross-genre
activate,mafia,tag,cross-genre
activate,comedy-and-humor,tag,cross-genre
activate,hidden-truths,tag,cross-genre
merge:retelling,retellings,tag,cross-genre
activate,leadership,tag,cross-genre
activate,crime,tag,cross-genre
merge:romance,smut,tag,cross-genre
activate,best-friends,tag,cross-genre
activate,family-life,tag,cross-genre
activate,civilization,tag,cross-genre
activate,class-struggle,tag,cross-genre
activate,revenge,tag,cross-genre
activate,gods,tag,cross-genre
activate,city-and-town-life,tag,cross-genre
merge:fantasy,thriller-and-suspense-science-fiction-and-fantasy,tag,cross-genre
activate,europe,tag,cross-genre
drop,built-in,tag,cross-genre
activate,conduct-of-life,tag,cross-genre
drop,bildungsromans,tag,cross-genre
activate,college-students,tag,cross-genre
activate,australian-fiction,tag,cross-genre
activate,family-secrets,tag,cross-genre
activate,boys,tag,cross-genre
activate,dating-social-customs,tag,cross-genre
activate,africa,tag,cross-genre
activate,management,tag,cross-genre
merge:male-female-romance,mf,tag,cross-genre
drop,vpl,tag,cross-genre
activate,morally-grey,tag,cross-genre
activate,angels,tag,cross-genre
drop,verse-novel,tag,cross-genre
activate,canada,tag,cross-genre
activate,usa,tag,cross-genre
merge:male-male-romance,mm-romance,tag,cross-genre
drop,googleplay,tag,cross-genre
activate,gritty,tag,cross-genre
drop,short-reads,tag,cross-genre
activate,abduction,tag,cross-genre
merge:australian,australia,tag,cross-genre
drop,books-and-reading,tag,cross-genre
activate,chick-lit,tag,cross-genre
merge:literary-fiction,general-fiction,tag,cross-genre
activate,written-by-women,tag,cross-genre
activate,architecture,tag,cross-genre
activate,business-and-careers,tag,cross-genre
merge:romance,adulte,tag,cross-genre
activate,demons,tag,cross-genre
drop,books-about-books,tag,cross-genre
drop,kobo,tag,cross-genre
drop,exciting,tag,cross-genre
activate,antiques-and-collectibles,tag,cross-genre
activate,biology,tag,cross-genre
activate,protagonist-with-trauma,tag,cross-genre
drop,discworld,tag,cross-genre
merge:fantasy,fantezie,tag,cross-genre
activate,actors,tag,cross-genre
drop,depressing,tag,cross-genre
activate,india,tag,cross-genre
merge:female-protagonist,female-mc,tag,cross-genre
activate,australian,tag,cross-genre
drop,tower,tag,cross-genre
activate,secret-society,tag,cross-genre
activate,boston-mass,tag,cross-genre
merge:young-adult,youngadult,tag,cross-genre
drop,feel-good,tag,cross-genre
activate,essay,tag,cross-genre
activate,academia,tag,cross-genre
activate,corruption,tag,cross-genre
activate,gay,tag,cross-genre
merge:lgbtq,lgbt,tag,cross-genre
drop,banned-in-usa,tag,cross-genre
activate,activism,tag,cross-genre
activate,christian-fiction,tag,cross-genre
activate,male-protagonist,tag,cross-genre
activate,plot-twists,tag,cross-genre
activate,humorous-stories,tag,cross-genre
activate,blessing-and-cursing,tag,cross-genre
drop,enfants,tag,cross-genre
drop,french-fiction,tag,cross-genre
drop,long-read,tag,cross-genre
activate,ya-romance,subgenre,cross-genre
activate,young-adult-15-18-lead,tag,cross-genre
merge:ya-romance,young-adult-romance,tag,cross-genre
drop,george-fictitious-character,tag,cross-genre
drop,b1,tag,cross-genre
drop,cedar-cove-wash-imaginary-place,tag,cross-genre
drop,fic031000,tag,cross-genre
drop,amerikaanse-fiksie,tag,cross-genre
drop,jack-the-ripper-murders,tag,cross-genre
activate,biological-warfare,tag,cross-genre
drop,thriller-and-suspense-thriller-and-suspense-suspense,tag,cross-genre
drop,shortlist,tag,cross-genre
activate,antisocial-personality-disorders,tag,cross-genre
activate,arab-israeli-conflict,tag,cross-genre
activate,blues-music,tag,cross-genre
activate,alligators,tag,cross-genre
drop,urban-and-street-lit,tag,cross-genre
drop,incomplete,tag,cross-genre
activate,investing-and-trading,tag,cross-genre
activate,business-writing,tag,cross-genre
drop,honesdale-library,tag,cross-genre
merge:young-adult,teens,tag,cross-genre
merge:young-adult,thrillers-young-adult,tag,cross-genre
drop,c4,tag,cross-genre
activate,antiques,tag,cross-genre
activate,husband-and-wife,tag,cross-genre
drop,bombay-india,tag,cross-genre
activate,prisons,tag,cross-genre
drop,gloomy,tag,cross-genre
activate,ambassadors,tag,cross-genre
activate,portugal,tag,cross-genre
drop,literature-and-fiction-action-and-adventure-mystery,tag,cross-genre
drop,fiction-thrillers-general,tag,cross-genre
merge:war,air-warfare,tag,cross-genre
activate,political-corruption,tag,cross-genre
activate,cuba,tag,cross-genre
activate,history-and-criticism,tag,cross-genre
drop,southern-states,tag,cross-genre
activate,american-dream,tag,cross-genre
activate,hong-kong-china,tag,cross-genre
activate,boxers-sports,tag,cross-genre
activate,bankers,tag,cross-genre
merge:humor,comical,tag,cross-genre
activate,cultural-ethnic-and-regional,tag,cross-genre
activate,communities,tag,cross-genre
activate,princes,tag,cross-genre
activate,biological-sciences,tag,cross-genre
activate,south-korea,tag,cross-genre
drop,cynthia-paul,tag,cross-genre
drop,paige-helms,tag,cross-genre
drop,chandra,tag,cross-genre
drop,eri-saikawa,tag,cross-genre
activate,child-sexual-abuse,tag,cross-genre
drop,side-cabinet-top,tag,cross-genre
drop,dezvoltare-personala,tag,cross-genre
activate,bookshop,tag,cross-genre
activate,chile,tag,cross-genre
activate,long-distance-runners,tag,cross-genre
activate,business-development,tag,cross-genre
activate,automation,tag,cross-genre
activate,chemistry,tag,cross-genre
activate,anti-racism,tag,cross-genre
merge:male-male-romance,mm,tag,cross-genre
drop,creepy,tag,cross-genre
activate,problem-solving,tag,cross-genre
drop,writing-and-publishing,tag,cross-genre
activate,new-zealand,tag,cross-genre
drop,philly,tag,cross-genre
activate,animal-experimentation,tag,cross-genre
drop,hope,tag,cross-genre
activate,advice-columnists,tag,cross-genre
merge:young-adult,teen,tag,cross-genre
drop,meditative,tag,cross-genre
merge:fantasy,fantasy-military-space-opera-adventure,tag,cross-genre
activate,louisiana,tag,cross-genre
drop,published-2017,tag,cross-genre
drop,amazon,tag,cross-genre
activate,science-and-math,tag,cross-genre
drop,surprising,tag,cross-genre
drop,argentine-fiction,tag,cross-genre
drop,original,tag,cross-genre
merge:american,americana,tag,cross-genre
activate,finland,tag,cross-genre
activate,environmental-conservation-and-protection,tag,cross-genre
drop,literatura-y-ficci-n,tag,cross-genre
merge:fantasy,fiction-fantasy-dragons-and-mythical-creatures,tag,cross-genre
drop,emotional-payoff,tag,cross-genre
merge:korean,korean-fiction,tag,cross-genre
activate,computer-security,tag,cross-genre
merge:male-male-romance,mmromance,tag,cross-genre
drop,competition-psychology,tag,cross-genre
activate,middle-aged-women,tag,cross-genre
activate,bipolar-disorder,tag,cross-genre
drop,creative-writing,tag,cross-genre
activate,seas,tag,cross-genre
activate,artisans,tag,cross-genre
drop,series-the-primal-hunter,tag,cross-genre
activate,project-management,tag,cross-genre
activate,masculinity,tag,cross-genre
activate,banks-and-banking,tag,cross-genre
merge:contemporary,contemporary-novels,tag,cross-genre
activate,corporate-culture,tag,cross-genre
drop,fiction-gothic,tag,cross-genre
merge:touch-her-and-die-possessive-protective-hero,protective-mmc,tag,cross-genre
activate,professor-x-student,tag,cross-genre
activate,country-homes,tag,cross-genre
drop,gory,tag,cross-genre
drop,castaways,tag,cross-genre
drop,media-studies,tag,cross-genre
drop,insects,tag,cross-genre
drop,diplomats,tag,cross-genre
drop,narrator,tag,cross-genre
drop,fables,tag,cross-genre
drop,bonus-chapter,tag,cross-genre
drop,beer,tag,cross-genre
drop,queer-manga,tag,cross-genre
drop,criminal-defense-lawyers,tag,cross-genre
drop,metamorphosis,tag,cross-genre
drop,omnibus,tag,cross-genre
drop,erudite,tag,cross-genre
drop,torture-mcs,tag,cross-genre
activate,male-friendship,tag,cross-genre
drop,cotswold-hills-england,tag,cross-genre
drop,bt-pre-order,tag,cross-genre
activate,ballet,tag,cross-genre
drop,parapsychology,tag,cross-genre
drop,letters,tag,cross-genre
drop,apparitions,tag,cross-genre
activate,vikings,tag,cross-genre
activate,mermaids,tag,cross-genre
activate,cult,tag,cross-genre
activate,bloggers,tag,cross-genre
merge:literary-fiction,literature-and-fiction-genre-fiction-family-life,tag,cross-genre
drop,fantastique,tag,cross-genre
drop,manhwa,tag,cross-genre
drop,bars-drinking-establishments,tag,cross-genre
activate,male-male-romance,subgenre,
activate,male-female-romance,subgenre,
activate,korean,tag,
activate,african,tag,
