decision,tier,suggestion,term,books,kind,genre_bucket,genre_mix,prior_decision,nearest_1,score_1,nearest_2,score_2,nearest_3,score_3,example_books
activate,new,activate,noir,18,tag,mystery,"mystery 50%, crime 30%, fantasy 7%",,memoir,60,memoir,60,mentor-figure,47,Wolfhound Century | Truth and Fear | Maria the Wanted
drop,new,activate,thriller-and-suspense-thriller-and-suspense-crime-thrillers,12,tag,mystery,"mystery 50%, crime 50%",,touch-her-and-die-possessive-protective-hero,45,time-traveler-stranded-in-the-wrong-era,44,serial-killer-thriller,44,Saving Faith | The King of Torts | The Rainmaker
drop,new,activate,hercule-fictitious-character,11,tag,mystery,"mystery 50%, crime 40%, romantic-suspense 9%",,true-crime-adjacent-fiction,58,interpersonal-character-study,52,real-historical-figure-as-secondary-character,52,Lord Edgware Dies | Hallowe'en Party | Sad Cypress
merge:detective-fiction,new,activate,mystery-and-detective-stories,10,tag,mystery,"mystery 50%, crime 45%, romantic-suspense 5%",,serial-detective,62,fated-mates-destined-mates,56,lone-detective-maverick-investigator,53,Towards Zero | Crooked House | Encyclopedia Brown Saves the Day
drop,new,activate,alex-fictitious-character,9,tag,mystery,"mystery 57%, crime 35%, fantasy 7%",,first-contact-with-aliens,56,climate-fiction,55,literary-fiction,53,Skeleton Key | Jack & Jill | Killer
Reject,new,activate,traditional-british,9,tag,mystery,"mystery 50%, crime 50%",,sports-writing,54,historical-fiction,54,british,53,The Murder of Roger Ackroyd | Towards Zero | Crooked House
merge:detective-fiction,review,,traditional-detectives,9,tag,mystery,"mystery 52%, crime 47%",,detective-fiction,76,serial-detective,73,detective-fiction,71,Magpie Murders | The Silkworm | The Word is Murder
drop,new,activate,thriller-and-suspense-crime-fiction,8,tag,mystery,"mystery 50%, crime 50%",,action-thriller,60,action-thriller,56,true-crime-adjacent-fiction,54,The Runaway Jury | The Woods | We Solve Murders
drop,new,activate,marple,8,tag,mystery,"mystery 50%, crime 50%",,workplace,53,masculine,53,workplace,53,The Body in the Library | The Moving Finger | The Murder at the Vicarage
drop,new,activate,jim-fictitious-character,7,tag,mystery,"mystery 58%, crime 41%",,climate-fiction,56,narrative-nonfiction,54,interpersonal-character-study,52,The Cat Who Saw Red (A Jim Qwilleran Feline Whodunnit) | A Thief of Time | Sacred Clowns
Accept,new,activate,attempted-murder,7,tag,mystery,"mystery 50%, crime 28%, romantic-suspense 21%",,fated-mates,51,remote-research-facility,50,reverse-harem,48,The Liar | Diamond Bay | Be with me
Accept,new,activate,private-investigator,6,tag,mystery,"mystery 50%, romantic-suspense 50%",,first-case-rookie-investigator,61,corporate-conspiracy,55,insta-love,53,A Crime of Secrets | Holding Fire | The Wombat Strategy
Accept,new,activate,international-mystery-and-crime,6,tag,mystery,"mystery 50%, crime 50%",,historical-mystery,57,interpersonal-character-study,56,criminal-mastermind,56,X-Rated Bloodsuckers | The Winner | The Decagon House Murders
Accept,new,activate,child-psychologists,6,tag,mystery,"mystery 50%, crime 50%",,psychology,62,psychology,62,psychological-horror,61,When the Bough Breaks | Killer | Blood Test
merge:mystery,review,,fiction-mystery,6,tag,mystery,"mystery 50%, crime 41%, romantic-suspense 8%",,literary-fiction,70,cozy-mystery,66,historical-mystery,66,Crooked House | The Man in the Brown Suit | Murder in Mesopotamia
Reject,new,activate,bosch,6,tag,mystery,"mystery 50%, crime 50%",,british,50,british,50,bdsm,44,A darkness more than night | The Black Echo | The Concrete Blonde
merge:thriller&crime,new,activate,crime-and-mystery,6,tag,mystery,"mystery 50%, crime 50%",,locked-room-mystery,61,true-crime,59,mystery,58,Sparkling Cyanide | They Do It With Mirrors | Murder is Easy
Accept,review,,women-detectives,6,tag,mystery,"mystery 62%, crime 25%, (none) 12%",,detective-fiction,72,serial-detective,68,detective-fiction,66,"Sunday Philosophy Club, The | The Moving Finger | At Bertram's Hotel"
Reject,new,activate,delaware,6,tag,mystery,"mystery 60%, crime 40%",,one-last-scare,54,dark,50,dark,50,Killer | Survival of the fittest | Self-Defense
Reject,new,activate,mixed-media,6,tag,mystery,"mystery 50%, crime 25%, sci-fi 12%",,medical-thriller,59,medieval,52,medieval,52,The Appeal | Several People Are Typing | Murder in the Family
Reject,new,activate,series-grant-county,5,tag,mystery,"mystery 50%, crime 50%",,court-intrigue,60,first-contact,56,secret-royalty,54,Faithless | Indelible | Blindsighted
Accept,new,activate,serial-murder-investigation,5,tag,mystery,"mystery 50%, crime 50%",,serial-detective,55,small-business-owner,51,first-case-rookie-investigator,50,Mindhunter | Fifty Fifty | The Monster of Florence
Accept,new,activate,computer-crimes,5,tag,mystery,"mystery 50%, crime 37%, general-fiction 12%",,perfect-crime,57,true-crime,56,court-intrigue,55,Rule 34 | Hackers | The Cuckoo’s Egg
Reject,new,activate,michael-fictitious-character,5,tag,mystery,"mystery 50%, crime 50%",,real-historical-figure-as-secondary-character,54,competition-trial-arc,53,interpersonal-character-study,52,Step on a Crack | Burn | Run for your life
merge:thriller&crime,review,,mystery-thrillers,5,tag,mystery,"mystery 50%, crime 40%, romantic-suspense 10%",,domestic-thriller,70,medical-thriller,66,domestic-thriller,64,The Girl Who Played With Fire | The Bullet That Missed | The Twyford Code
Reject,new,activate,short-stories-horror,4,tag,mystery,"mystery 50%, crime 50%",,short-story-or-novella,66,monster-horror,64,psychological-horror,60,Nightmares & Dreamscapes [1/3] (Suffer the little children / Crouch end / Rainy season / Dolan's Cadillac / The House on Maple Street / Umney's last case / Head down / Brooklyn August) | Nightmares & Dreamscapes [2/3] (Chattery teeth / Dedication / Doctor's case / End of the whole mess / Home delivery / Moving finger / My pretty pony / Sneakers) | Nightmares & Dreamscapes
Reject,new,activate,chee,4,tag,mystery,"mystery 50%, crime 50%",,chosen-one,57,ceo,57,hea,57,A Thief of Time | Sacred Clowns | The Dark Wind
Accept,new,activate,attorney-and-client,4,tag,mystery,"mystery 57%, crime 28%, romantic-suspense 14%",,abandoned-building,54,science-fantasy,52,unreliable-narrator,52,The Lincoln Lawyer (Mickey Haller #1) | The Client | Sovereign
Reject,new,activate,c1,4,tag,mystery,"mystery 57%, crime 42%",,ceo,40,cop,40,ceo,40,The Long Goodbye | The Complete Sherlock Holmes | The Complete Poetry
Accept,new,activate,cruise-ships,4,tag,mystery,"mystery 50%, crime 33%, general-fiction 16%",,skyships,60,skyships,60,generation-ship,51,The Woman In Cabin 10 | You belong to me | Escaping from Houdini
Accept,new,activate,banks,4,tag,mystery,"mystery 50%, crime 50%",,black,60,black,60,fantasy,50,Strange affair | Gallows View | In a Dry Season
Reject,new,activate,alan-fictitious-character,4,tag,mystery,"mystery 50%, crime 50%",,narrative-nonfiction,57,first-contact-with-aliens,56,climate-fiction,55,Strange affair | The Daughter of Time | Gallows View
Accept,review,,detective-forensics,4,tag,mystery,"mystery 50%, crime 50%",,detective-fiction,72,serial-detective,68,detective-fiction,66,The coffin dancer | The Stone Monkey | The Empty Chair
merge:nordic-noir,new,activate,sweden,4,tag,mystery,"mystery 66%, crime 33%",,secret-identity,47,red-herring,47,regency,46,The Girl with the Dragon Tattoo | The Girl Who Kicked the Hornet's Nest | Sun Storm
Reject,new,activate,mercer,4,tag,mystery,"mystery 50%, crime 33%, (none) 16%",,american,57,american,57,meet-cute,53,The Naturalist | Killman Creek | Tier One
merge:detective-fiction,new,activate,thriller-and-suspense-mystery-police-procedurals,3,tag,mystery,"mystery 50%, crime 50%",,police-procedural,52,police-procedural,49,cinnamon-roll-sunshine-love-interest,48,The Racketeer | The Whistler | The Reckoning
merge:thriller&crime,new,activate,thriller-and-suspense-mystery,3,tag,mystery,"mystery 50%, crime 50%",,spy-espionage-thriller,58,domestic-thriller,56,serial-killer-thriller,54,The Pelican Brief | Shatter | Six Years
merge:detective-fiction,new,activate,dedective-and-mystery-stories,3,tag,mystery,"mystery 50%, crime 50%",,serial-detective,57,fated-mates-destined-mates,56,sword-and-sorcery,52,Hallowe'en Party | Cards on the Table | Murder is Easy
merge:mystery,review,,myst,3,tag,mystery,"mystery 50%, sci-fi 25%, crime 25%",,mystery,72,mysterious,57,mysterious,57,Among the Hidden | The witness | The Busybody Book Club
Accept,new,activate,gangs,3,tag,mystery,"mystery 60%, crime 40%",,low-angst,57,fantasy,50,amnesia,50,Where The Bodies Are Buried | King of Ashes | Who They Was
merge:international-mystery-and-crime,new,activate,thriller-and-suspense-mystery-international-mystery-and-crime,3,tag,mystery,"mystery 50%, crime 50%",,grief-and-loss-as-central-theme,50,cinnamon-roll-sunshine-love-interest,48,cryosleep-suspended-animation,46,The Guilty | Last Man Standing | Stranger in the Woods
Accept,new,activate,clinical-psychologists,3,tag,mystery,"mystery 50%, crime 50%",,colonial-postcolonial,60,colonial-postcolonial,60,psychology,56,Cross and Burn (Tony Hill / Carol Jordan) | Shatter | The Murder Book
Reject,new,activate,crime-and-criminals,3,tag,mystery,"mystery 50%, crime 50%",,ancient-ruins,62,ancient-curse,56,ancient-ruins,56,Small sacrifices | The Stranger Beside Me | The Executioner's Song
Accept,new,activate,beauty-operators,3,tag,mystery,"mystery 50%, biography-memoir 25%, crime 25%",,mentor-s-death,60,secret-baby,51,body-horror,51,Bubbles a broad | Harley Loco | Agatha Raisin and the Wizard of Evesham
Accept,new,activate,drug-traffic,3,tag,mystery,"mystery 50%, crime 50%",,tragic-past,52,dark-romance,50,road-trip,47,Macbeth | Against All Enemies | News of a Kidnapping
Reject,new,activate,continental-op-fictitious-character,3,tag,mystery,"mystery 60%, crime 40%",,interpersonal-character-study,59,narrative-nonfiction,50,detective-fiction,50,The Continental Op | Red Harvest | The Dain Curse
Accept,new,activate,forests,3,tag,mystery,"mystery 50%, crime 25%, horror 25%",,fae-courts,58,forbidden-forest,52,forbidden-forest,52,The God of the Woods | The Broken Girls | This Wretched Valley
Accept,new,activate,nordic-noir,3,tag,mystery,"mystery 50%, crime 50%",,sword-and-sorcery,50,mentor-figure,50,ancient-world,50,The Bat | The Ice Princess | Sun Storm
merge:detective-fiction,new,activate,classic-crime,3,tag,mystery,"mystery 50%, crime 50%",,class-divide,64,class-divide,64,class-social-commentary,55,The Hollow | At Bertram's Hotel | Taken at the Flood
Reject,new,activate,mystery-and-suspense,3,tag,mystery,"mystery 50%, crime 50%",,romantic-suspense,64,romantic-suspense,59,sword-and-sorcery,54,Rules Of Prey | Kindness Goes Unpunished | Busted
Reject,new,activate,brighton-england,3,tag,mystery,"mystery 50%, crime 50%",,straight-to-gay,51,lighthearted,50,lighthearted,50,Brighton Rock | Not Dead Yet | Smoke and Mirrors
Reject,new,activate,cadfael,3,tag,mystery,"mystery 50%, crime 25%, history 25%",,fae-courts,47,fake-dating,44,fated-mates,44,One Corpse Too Many | St. Peter's Fair | A Rare Benedictine
Reject,new,activate,edinburgh-scotland,3,tag,mystery,"mystery 50%, crime 50%",,twist-ending,53,space-station-setting,51,neurodivergent-protagonist,45,Black and Blue | Quite Ugly One Morning | Resurrection Men
