decision,term,kind,genre_bucket,applies_to
activate,action-and-adventure,tag,,
activate,adult,tag,,
activate,alien-romance,tag,,
activate,assassin-romance,tag,,
drop,audible,tag,,
activate,best-friend-s-brother,tag,,
activate,bet-wager-romance,tag,,
drop,calibre-import,tag,,
drop,calibre-migration,tag,,
activate,caretaker-romance,tag,,
activate,co-parenting-romance,tag,,
activate,coach-athlete,tag,,
activate,corruption-arc,tag,,
activate,divorce-separation-romance,tag,,
activate,fake-marriage-becomes-real,tag,,
activate,fast-paced,tag,,
drop,fiction-romance-fantasy,tag,,
activate,haunted-house-romance,tag,,
activate,heartbreaking,tag,,
activate,heist-and-rebellions,tag,,
activate,high-school-romance,tag,,
activate,horror-romance,tag,,
drop,kindle-unlimited,tag,,
activate,later-in-life-romance,tag,,
merge:literary-fiction,literature-and-fiction,tag,,
activate,matchmaker-falls,tag,,
activate,medium-paced,tag,,
activate,mentor-student-dynamics,tag,,
activate,mermaid-romance,tag,,
activate,misunderstanding,tag,,
merge:morally-grey-male-protagonist,morally-grey-mmc,tag,,
activate,nanny-guardian-romance,tag,,
activate,neighbor-romance,tag,,
activate,new-adult-adult-romance,tag,,
drop,novel,tag,,
activate,obsession,tag,,
activate,omegaverse-abo,tag,,
activate,one-night-stand-to-lovers,tag,,
activate,orc-romance,tag,,
drop,p-and-w-pre-order,tag,,
activate,princess-x-bodyguard,tag,,
activate,quirky,tag,,
activate,redemption-romance,tag,,
activate,rejected-mate,tag,,
drop,romance-science-fiction-and-fantasy,tag,,
activate,secretive,tag,,
activate,serene,tag,,
drop,signed-tip,tag,,
activate,slow-burn-tension,tag,,
activate,snowed-in-stranded,tag,,
activate,stranded-together,tag,,
activate,summer-fling,tag,,
activate,teacher-student-adult,tag,,
activate,time-spanning-love,tag,,
activate,time-travel-romance,tag,,
drop,to-read,tag,,
activate,undercover-spy-romance,tag,,
drop,unsigned,tag,,
activate,wake-up-married-vegas-wedding,tag,,
activate,war-academy,tag,,
activate,wedding-setting,tag,,
activate,weird-quirky,tag,,
