decision(nonfiction/blank),book_id,title,subjects,description
,loyalty,Loyalty,history || politics and government,(no description)
,the_review,The Review,american literature || appreciation || art appreciation || bible || book reviews || englis,(no description)
,the_housemaid,The Housemaid,"conduct of life || handbooks, manuals || home economics || household employees || social l",(no description)
,openlibrary_OL9334405W,Slavery by another name,"african american prisoners || african americans || african americans, civil rights || afri","In this groundbreaking historical expose, Douglas A. Blackmon brings to light one of the most shameful chapters in American history--an ""Age of Neoslavery"" that"
,openlibrary_OL2733903W,Model Rebels,"activité politique || agriculteurs || business & economics || china, economic conditions |","""A tale of rural rebellion unfolds in Bruce Gilley's moving chronicle of a village on the northern China plains during the post-1978 economic reform era. Gilley"
,openlibrary_OL5723744W,Conquest,battered women || colonization || crimes against || gewalt || history || indian women || i,"""In this revolutionary text, prominent Native American studies scholar and activist Andrea Smith reveals the connections between different forms of violence -- "
,openlibrary_OL13776889W,The condemnation of blackness,15.85 history of america || 71.65 criminality as a social problem || african americans || ,"""The Idea of Black Criminality was crucial to the making of modern urban America. Khalil Gibran Muhammad chronicles how, when, and why modern notions of black p"
,openlibrary_OL20059568W,La guerra que nos ocultan,abuso de drogas y crimen || asesinato || asesinato en masa || asesinos en serie || college,"""Julio César Mondragón Fontes, normalista, encontró la muerte la madrugada del 27 de septiembre de 2014 en Iguala, Guerrero. Aquel día alguien robó su celular. "
,openlibrary_OL5780454W,Accounting for genocide,american history || autochtones || bureaucracy || bureaucratie || canada || canada - gener,"""Accounting for Genocide is an original and controversial book that retells the history of the subjugation and ongoing economic marginalization of Canada's Indi"
,openlibrary_OL3029934W,In God's name,asesinato || assassination || banco ambrosiano || catholic church || catholic church - fin,"The murder of Pope John Paul sounds like fiction, but David Yallop writes a srong case for this to have happened in real life.The Catholic church and Vatican ba"
,openlibrary_OL19962604W,Mortal sins,"actions and defenses || catholic church || catholic church, clergy || catholic church, dis","In the mid-1980s, a dynamic young monsignor assigned to the Vatican's embassy in Washington criss-crossed America to investigate the problem of sexually abusive"
,openlibrary_OL9279784W,Mayhew's London,benevolent and moral institutions and societies || charities || crime || crime and crimina,"Mayhew’s London is an edited selection from Henry Mayhew’s *London Labour and the London Poor*, which was originally a series of newspaper articles, later publi"
,openlibrary_OL15835650W,Darkness in El Dorado,amazon river and valley || anthropological ethics || anthropologues || appréciation || att,"Examines the destructive impact of journalists, anthropologists, and scientists on the Yanomami Indians, one of the Amazon Basin's oldest tribes."
,openlibrary_OL2789010W,London Labour and the London Poor (Vol. I),arbeidersklasse || armoede || benevolent and moral institutions and societies || charities,Arguably the first great study of the impact of industrialization upon London.
,openlibrary_OL25611413W,Death in New York,african american || new york state || african american history || almshouse || anthropolog,"""Like every aspect of life in the Big Apple, how New Yorkers have interacted with death is as diverse as each of the countless individuals who have called the c"
,openlibrary_OL20369019W,Cyber War Will Not Take Place,computer crimes || cyberspace || cyberspace operations (military science) || cyberterroris,A fresh and refined appraisal of today's top cyber threats.
,openlibrary_OL2947719W,Domestic violence,abuse || abused wives || administration of criminal justice || clinical protocols || commu,"""The Third Edition includes a wealth of new empirical research on how the criminal justice system's responses to domestic violence have changed in the last seve"
,openlibrary_OL21137509W,Mystery of the Lone Wolf Killer,alienation (social psychology) || domestic terrorism || forensic psychology || kampen jani,"July 22, 2011 was the darkest day in Norway's history since Nazi Germany's invasion. It was one hundred eighty-nine minutes of terror-- from the moment the bomb"
,openlibrary_OL20166351W,Fighting for Space,civil rights || drug users || drug abuse || drug abuse and crime || drug addiction || drug,"""While deaths across the continent soar, Travis Lupick's Fighting for Space explains the concept of harm reduction as a crucial component of a city's response t"
,openlibrary_OL20716682W,"Football Hooliganism, Fan Behaviour and Crime",business aspects || corrupt practices || crime || crime & criminology || essays || footbal,"""Focusing on a number of contemporary research themes and placing them within the context of palpable changes that have occurred within football in recent years"
,openlibrary_OL21363772W,Massacre in Mexico,college students || crime || crimes against || disappeared persons || escuela normal rural,"""The definitive account of the mass disappearance of 43 Mexican students and the government that tried to cover it up On September 26, 2014, 43 male students fr"
,openlibrary_OL8052301W,The Condemnation of Little B,"african american juvenile delinquents || african american criminals || atlanta (ga.), soci","Brown examines the public's reaction to the murder trial of Michael Lewis, known as Little B, who was senteced to life in prison at the age of fourteen. Brown l"
,openlibrary_OL1913538W,Pagliaros' comprehensive guide to drugs and substances of abuse,addiction & therapy || crimes without victims || drogues || drogues illicites || drug abus,"""With society's growing use of drugs and substances of abuse, health care professionals need to be aware of how the drugs patients use affect behavior, cognitio"
,openlibrary_OL3674155W,Violence and Hope in a U.S. Mexico Border Town,"americans || americans, foreign countries || crimes against || drug traffic || economic co","""A monograph enriched by the voice of its Mexican American subjects, Violence and Hope reveals socio-political strife and power between the borders of two natio"
,openlibrary_OL1975258W,Public Enemies,"crime || crime, united states || criminalité || criminals || criminals, united states || c","In Public Enemies, bestselling author Bryan Burrough strips away the thick layer of myths put out by J. Edgar Hoovers FBI to tell the full storyfor the first ti"
,openlibrary_OL21075272W,"Heroin, Organized Crime, and the Making of Modern Turkey","corruption || crime organisé || crime, europe || criminals || criminals, europe || drogues","""Heroin, Organized Crime, and the Making of Modern Turkey explores the history of organized crime in Turkey and the roles which gangs and gangsters have played "
,openlibrary_OL15843872W,Losing Matt Shepard,"crimes against || death and burial || gay studies || gay men || gay rights || gays, crimes",The infamous murder in October 1998 of a twenty-one-year-old gay University of Wyoming student ignited a media frenzy. The crime resonated deeply with America's
,openlibrary_OL5821693W,"Neomedievalism, neoconservatism, and the war on terror","21st century || bush, george w. (george walker), 1946- || conservatism || current events /","""Far from an unfortunate cliche medievalism has become a dominant paradigm for comprehending the identity and motivations of America's perceived enemy in the Wa"
,openlibrary_OL18278769W,Without sanctuary,"african americans || african americans, crimes against || african americans, history || co","The Tuskegee Institute records the lynching of 3,436 blacks between 1882 and 1950. This is probably a small percentage of these murders, which were seldom repor"
,openlibrary_OL134385W,Portrait of a Killer,beweis || biographie || crime || crimes et criminels || general || histoire || history || ,"""Between August and November 1888, at least seven women were murdered in London's Whitechapel area. The gruesome nature of their deaths caused panic and fear in"
,openlibrary_OL18547705W,Colored amazons,african american criminals || african american women || african american criminals || afri,"""Colored Amazons is a groundbreaking historical analysis of the crimes, prosecution, and incarceration of black women in Philadelphia at the turn of the twentie"
,openlibrary_OL1990173W,Rituals of blood,20e s. || african american families || african american men || african americans || africa,"Looks at relations between African American men and women, and the media portrayal of African Americans."
,openlibrary_OL19718767W,The broken country,asian americans || crime || crimes against || emigration and immigration || history || hom,"The Broken Country uses a violent incident that took place in Salt Lake City, Utah, in 2012 as a springboard for examining the long-term cultural and psychologi"
,openlibrary_OL16132746W,The world and Darfur,civilian relief || conflict management || coopération internationale || crimes against hum,"The crisis in Darfur has led to systemic and widespread murder, rape, and abduction, and forced displacement of millions of civilians. This book brings together"
,openlibrary_OL26398013W,Murder At The Carousel,accident || amusement park || amusement park engineering || carousel || carousels || crime,Can carousels be deadly? This non-fiction book answers just that... The book centers on the tragic death of a 17-year-old carousel engineer killed by a rider. O
,openlibrary_OL16062012W,When London walked in terror,"history || identification || jack the ripper murders, london, england, 1888 || serial kill","Jack the Ripper was a young man of unfulfilled promise and an urge to force social reforms in London's most notorious slum, according to the author's fascinatin"
,openlibrary_OL20936955W,Shadowland,criminals || gangsters || history || mafia || organized crime || true crime,"Shadowland is a revelatory and dramatic true-life thriller spanning much of the twentieth century, a page-turning chronicle of an elaborate Mafia plan to 'invad"
,openlibrary_OL15861353W,The stabbing of George Harry Storrs,history || mord || murder || true crime,"OCTOBER OF 1910 WAS A VINTAGE MONTH FOR murder trials in England. On Saturday, the twenty-second, after a five-day trial at the Old Bailey in London, the expatr"
,openlibrary_OL17453554W,Crime And The Rise Of Modern America A History From 18651941,"crime || crime, united states || general || history || true crime","- Contents:The crimes of the century -- Crime and the West -- Hate crime -- Policing and imprisonment -- Conmen, swindlers, and dupes -- Business and financial "
,openlibrary_OL8575039W,Into the Kill Zone,"interviews || nonfiction || police || police shootings || police, united states || psychol","What's it like to have the legal sanction to shoot and kill? This compelling and often startling book answers this, and many other questions about the oft-times"
,openlibrary_OL7946491W,The Battle for Las Vegas,"crime || criminals, united states || las vegas (nev.) || law || law enforcement || nevada,","From the 1970s through the mid-1980s, the Chicago Outfit dominated organized crime in Las Vegas. Unreported revenue, known as the ""skim,"" from Outfit-controlled"
,openlibrary_OL19976154W,Newtown,"crime, united states || general || large type books || murder || new jersey, social condit","""In the vein of Dave Cullen's Columbine, the first comprehensive account of the Sandy Hook tragedy--with exclusive new reporting that chronicles the horrific ev"
,openlibrary_OL18351851W,Global organized crime,"general || handbooks, manuals || organized crime || transnational crime || true crime","""ABC-CLIO's celebrated Contemporary World Issues series--available in both print and eBook formats--provides accurate, unbiased reference handbooks on the major"
,openlibrary_OL19671632W,A narco history,"drug control || drug traffic || mexico, social conditions || organized crime || true crime","The term 'Mexican Drug War' implies that the ongoing bloodbath, which has now killed well over 100,000 people, is an internal Mexican affair. But this diverts a"
,openlibrary_OL5966323W,The Complete Idiot's Guide to Private Investigating,"detectives || handbooks, manuals || investigations || nonfiction || private investigators ","The gumshoe go-to—revised and updated.Easy-to-use and fantastically inclusive, this is the book on private investigation, whether you want to establish yourself"
,openlibrary_OL17582786W,From Midnight to Guntown,"crime || crime, united states || criminals || criminals, united states || history || law /","""As a federal prosecutor in Mississippi for over thirty years, John Hailman worked with federal agents, lawyers, judges, and criminals of every stripe. In From "
,openlibrary_OL15151765W,The Serial Killer Files,criminology || history || nonfiction || social science || serial murderers || serial murde,"THE DEFINITIVE DOSSIER ON HISTORY'S MOST HEINOUS!Hollywood's make-believe maniacs like Jason, Freddy, and Hannibal Lecter can't hold a candle to real life monst"
,openlibrary_OL15165341W,The Last Coiner,depression || duchy parade films || capital punishment || the astronomer's sun || torchwoo,"Based upon a true account in English Crime History, the Last Coiner tells the story of two brothers who become Counterfeiters. David and Isaac Hawksworth's acti"
,openlibrary_OL15445235W,Genocide,"crimes against humanity || general || genocide || history || holocaust, jewish (1939-1945)","This book presents the background and history of genocide, the key issues associated with this worldwide crime, and the problems inherent in preventing its occu"
,openlibrary_OL16982793W,Smack express,crime || drug abuse and crime || drug control || drug traffic || history || nonfiction || ,"""In 1980, Al McCoy wrote one of the most influential books on organised crime in this part of the world 'Drug traffic: narcotics an organised crime in Australia"
,openlibrary_OL33035903W,The Lindbergh Kidnapping Suspect No. 1,capital punishment || crime || death penalty || kidnapping || law || lindbergh || murder |,"""In the depths of the Depression, millions worldwide followed every twist and turn of the Lindbergh baby kidnap/murder. Yet what was reported was largely fake n"
,openlibrary_OL19624084W,No one helped,bystander effect || helping behavior || history || homicide || lgbtq anthropology || lgbtq,"In ""No One Helped"" Marcia M. Gallo examines one of America’s most infamous true-crime stories: the 1964 rape and murder of Catherine ""Kitty"" Genovese in a middl"
,openlibrary_OL8959814W,Hunting the American terrorist,criminology || domestic terrorism || general || history || history - general history || mi,"Describes how an FBI taskforce hunted down the Unabomber and the Olympic Bomber, discussing the techniques that they used, the characteristics of such ""lone wol"
,openlibrary_OL2157541W,Homicide,baltimore (md.). || baltimore (md.). police department. homicide unit || baltimore (md.). ,"The scene is Baltimore. Twice every three days another citizen is shot, stabbed or bludgeoned to death. At the centre of this hurricane of crime is the city's h"
,openlibrary_OL17403692W,Mafia Republic Italys Criminal Curse Cosa Nostra Ndrangheta And Camorra From 1946 To The Present,"'ndrangheta || camorra || crime || crime, italy || historia || history || italy, history |",Shows how the Italian mafias have grown in power and become ever more interconnected since World War II through their criminal business interests in tobacco smu
,openlibrary_OL14933002W,Beyond a Reasonable Doubt,"administration of criminal justice || guilt (law) || history || law, united states, popula","This phrase, heard countless times every day in American courtrooms across the country, sets forth the burden of proof placed upon the prosecution in a criminal"
,openlibrary_OL3943080W,A vast amount of trouble,"colorado, history || crimes against || history || mass murder || sheep ranchers || trials ","In late March 1909, five sheepmen headed east from the town of Worland, in north-central Wyoming, driving five thousand sheep. A few days later the men and thei"
,openlibrary_OL4548839W,The complete Jack the Ripper,"crime || crime, great britain || great britain, history || history || jack the ripper murd",Discover the theories and facts surrounding the Whitechapel murders in David Rumbelow's The Complete Jack the Ripper... It is 1888 in London's Whitechapel distr
,openlibrary_OL24292589W,Poisoned,corruption || crime || essays || murder || reference || social science || serial killers |,"A gripping tale of murder, sorcery, and criminal justice in turn-of-the-century Chicago, Poisoned is the fascinating true story (1907) ofa mysterious Bohemian f"
,openlibrary_OL3527176W,Rebels with a cause,crime & criminology || dissenters || general || history & theory - radical thought || poli,"""Rebels with a Cause seeks to explain the minds, motives, means, and morality of those who espouse individual as well as communal dissent and resistance - viole"
,openlibrary_OL19976163W,Blood brotherhoods,"'ndrangheta || camorra || crime, italy || history / europe / italy || history || italy, hi","""In Blood Brotherhoods John Dickie examines the myths surrounding the three largest and most violent mafia groups in Italy--the Camorra, Cosa Nostra, and 'ndran"
,openlibrary_OL14851866W,The hypocrisy of justice in the Belle Epoque,"administration of criminal justice || criminal justice, administration of || criminal just",The Dreyfus Affair of the 1890s and the violent controversies that surrounded it appeared to pass two very different judgments on the France of the Third Republ
,openlibrary_OL19665438W,The midnight assassin,19th century || general || history || history / united states / 19th century || murder || ,"Contains primary source material. ""In the late 1800s, the city of Austin, Texas was on the cusp of emerging from an isolated Western outpost into a truly cosmop"
,openlibrary_OL1852567W,The 4 O'clock Murders,church of jesus christ of latter-day saints || church of the lambs of god || controversial,"Texas residents are shocked when, at 4 P.M. an a June day in 1988, four people are slain in precisely timed attacks at three different locations in the state. P"
,openlibrary_OL18641459W,Gotham unbound,business enterprises || corrupt practices || crime organisé || enquêtes || entreprises || ,"""Gotham Unbound demonstrates the remarkable range of Cosa Nostra's activities and influence and convincingly argues that twentieth-century organized crime has b"
,openlibrary_OL20254769W,Shots on the Bridge,"civil rights || crime || hurricane katrina, 2005 || minorities || minorities, united state","""A gripping tale of police brutality, investigating the cover-up of a deadly NOLA cops' shooting of six unarmed civilians, published on the tenth anniversary of"
,openlibrary_OL20017701W,Gangster warlords,"control de drogas y narcóticos || criminals, latin america || drug control || drug dealers","""In a ranch south of Texas, the man known as The Executioner dumps five hundred body parts in metal barrels. In Brazil's biggest city, a mysterious prisoner ord"
,openlibrary_OL20685070W,How Gangs Work,"crime || gangs || great britain, social conditions || gun crime || organized crime || stre","""In the wake of the 2011 UK riots and the British government's new American-style 'war on gangs', this book is the definitive account of 'how gangs work'. Based"
,openlibrary_OL8205086W,Blood From Stones,diamond industry and trade || diamond mines and mining || economic aspects || economic con,"""Veteran investigative reporter Douglas Farah was the Washington Post's Africa bureau chief focusing on the diamond and illegal arms trade when, in the wake of "
,openlibrary_OL2157540W,The corner,at-risk youth || baltimore (md.) || crime || drug users || drug abuse || drug addicts || d,The notorious corner of West Fayette and Monroe Streets in Baltimore is a 24-hour open-air drug market that provides the economic fuel for a dying neighbourhood
,openlibrary_OL16071628W,Angels of death,"crime & criminology || crime and criminals || crime organisé || criminals, united states |","Angels of death takes us straight to the dark heart of the Hell Angels' story - from the fata stabbing of an innocent woman in the Arizona Desert, through a vio"
,openlibrary_OL15695648W,The Savage City,"blood || crime || death || history / united states / general || murder || murder, new york",The safest big city in America? That would be the question a certain generation of New Yorkers would ask someone who praises New York for it's safety and prospe
,openlibrary_OL2035258W,Bath massacre,"bombings || crimes against || history || history & archaeology || michigan, history || mur","With the meticulous attention to detail of a historian and a storyteller's eye for human drama, Bernstein shines a beam of truth on a forgotten American tragedy"
,openlibrary_OL21660466W,Thief-Taker Hangings,18th century || crime and the press || criminals || general || great britain || history ||,"""In the early 1700s, lawlessness ruled England, and highwaymen, thieves, and prostitutes thrived. When notorious burglar Jack Sheppard finally met the hangman, "
,openlibrary_OL12100576W,US covert operations and Cold War strategy,"american espionage || cold war || diplomatic relations || espionage || espionage, american","""Based on recently declassified documents, this book provides the first examination of the Truman Administration's decision to employ covert operations in the C"
,openlibrary_OL17321509W,A Different Class of Murder,"history || investigation || lucan, richard john bingham, earl of, 1934- || missing persons","On November 7, 1974, a nanny named Sandra Rivett was bludgeoned to death in a Belgravia basement. A second woman, Veronica, Countess of Lucan, was also attacked"
,openlibrary_OL7988979W,Uncle Jack,crime || criminal investigation || freemasons || general medical council || history || hom,A solution to Britain's most notorious unsolved crimes - the Jack the Ripper murders of 1888.
,openlibrary_OL17865913W,Mission Impossible,computer games || election || elections || electronic entertainment || espionage || gamecu,"This is a strategy guide to the video game ""Mission: Impossible"" for the Nintendo 64 {N64}. It has many color screenshots, and diagram style maps of each locati"
,hardcover_436431,Missoula: Rape and the Justice System in a College Town,"acquaintance rape || montana, history, local || new york times bestseller || new york time",(no description)
,hardcover_436661,White Tears/Brown Scars,crimes against || entitlement attitudes || feminism || race relations || racism || sexism ,(no description)
,hardcover_481849,A Fatal Thing Happened on the Way to the Forum: Murder in Ancient Rome,"civilization || crimes against || heads of state || history || homicide || italy, history ",(no description)
,hardcover_789545,The Puzzle Master,american literature || computers || history,(no description)
,hardcover_366216,Whoever fights monsters,forensic science || general || homicide || serial murders || true crime || true crime / es,(no description)
,hardcover_469265,The Betrayal of Anne Frank: A Cold Case Investigation,"betrayal || friends and associates || history || holocaust, jewish (1939-1945) || jews || ",(no description)
,hardcover_511094,The Skin We're In,"america, history || black canadians || crimes against || discrimination in criminal justic","""In the tradition of Ta-Nehisi Coates, a bracing, provocative and perspective-shifting book from one of Canada's most celebrated and uncompromising writers, Des"
,hardcover_517402,The Haunting of Alma Fielding,"ghosts || haunted houses || london (england), history || new york times reviewed || paraps",(no description)
,hardcover_522017,Under the Bridge,adolescent girls || crimes against || crimes contre les adolescentes || criminal investiga,(no description)
,hardcover_635738,Trayvon Generation,african american mothers || african american youth || african americans || conditions soci,(no description)
,hardcover_484882,1979,censorship || economic conditions || economic policy || english literature || history || i,(no description)
,hardcover_785252,The Complete History of Jack the Ripper,"criminal investigation || criminals, great britain || history || jack, the ripper || londo",(no description)
,hardcover_515753,"The Truffle Underground: A Tale of Mystery, Mayhem, and Manipulation in the Shadowy Market of the World's Most Expensive Fungus","black market || italy, history || smuggling",(no description)
,hardcover_602522,A Feast of Vultures: The Hidden Business of Democracy in India,"asia, history || crime || political corruption || politics and government",(no description)
