decision,book_id,title
approve,openlibrary_OL15134928W,Bringing Elizabeth home
approve,openlibrary_OL19335727W,Wicked Takes the Witness Stand: A Tale of Murder and Twisted Deceit in Northern Michigan
approve,openlibrary_OL2671485W,The Alienist
approve,openlibrary_OL8205086W,Blood From Stones
approve,openlibrary_OL1732353W,Cocaine Blues
approve,hardcover_623656,Antwerp
approve,openlibrary_OL1518175W,Favorite Sherlock Holmes Detective Stories (Adventure of the Crooked Man / Adventure of the Dancing Men / Adventure of the Engineer's Thumb / Adventure of the Speckled Band / Final Problem / Red-Headed League / Scandal in Bohemia / Silver Blaze)
approve,openlibrary_OL17199409W,Artemis Fowl. The Graphic Novel
approve,openlibrary_OL15880W,The color of death
approve,openlibrary_OL167150W,Double Cross
approve,openlibrary_OL175848W,Lion in the valley
approve,hardcover_440323,Moriarty
approve,hardcover_295286,Perfect Scoundrels
approve,hardcover_49546,The Wrecker
approve,openlibrary_OL111414W,The art of deception
approve,openlibrary_OL2619305W,One Good Turn
approve,openlibrary_OL491709W,Dying To Please
approve,openlibrary_OL3923118W,While Still We Live
approve,hardcover_584823,Vera Wong's Unsolicited Advice for Murderers
approve,openlibrary_OL17915698W,The Heiresses
approve,openlibrary_OL176293W,The Accusers
approve,openlibrary_OL5757091W,Sweet Poison
approve,hardcover_77593,The Ice Princess
approve,hardcover_510406,"I, Sniper"
approve,openlibrary_OL20457356W,Citizen 865
approve,openlibrary_OL19711751W,Proof of life
approve,hardcover_476318,The Appeal
approve,hardcover_437313,Midnight at the Bright Ideas Bookstore
approve,openlibrary_OL167175W,Roses Are Red
approve,openlibrary_OL167204W,Dead days of summer
approve,openlibrary_OL5971851W,The 50 Greatest Mysteries of All Time
approve,openlibrary_OL8110489W,In Her Own Backyard
approve,hardcover_428808,56 Days
approve,hardcover_946573,The Enemy's Cosmetique
approve,hardcover_17007,Playing for the Ashes Part 2
approve,openlibrary_OL134371W,Trace
approve,openlibrary_OL17864100W,"Hush, hush"
approve,openlibrary_OL16865W,Double minds
approve,openlibrary_OL491809W,Mr. Perfect
approve,openlibrary_OL486650W,Beneath the skin
approve,openlibrary_OL19761923W,You don't own me
approve,openlibrary_OL17079191W,Hope to Die
approve,openlibrary_OL17827196W,Deadly
approve,openlibrary_OL462990W,Stalker
approve,hardcover_1083901,"Every Time I Go on Vacation, Someone Dies"
approve,hardcover_1360139,The Hallmarked Man
approve,hardcover_8945,Stalker
approve,hardcover_380241,Your Heart Belongs to Me
approve,openlibrary_OL14959791W,Echo Burning
approve,openlibrary_OL79327W,Long Lost
approve,openlibrary_OL17767905W,The lady from Zagreb
approve,openlibrary_OL19714604W,The Scholl case
approve,hardcover_483299,The Immortal Circus: Act One
approve,openlibrary_OL17356240W,Accused
approve,openlibrary_OL17697326W,Finger lickin' dead
approve,openlibrary_OL20285172W,The Guardians
approve,hardcover_153359,The Fifth Witness
