decision(keep/blank),tier,tag,matched_phrase,book_id,title,author,context
,B,retelling,re-telling,charm,Charm,Sarah Pinborough,...CHARM is a beautifully illustrated re-telling of the Cinderella story which takes all...
,B,retelling,retold,openlibrary_OL10243891W,Get Spooked! Terrifying Tales Untold,Talisman Soulraider,...and more — untold terrifying tales now retold in their horrifying gore....
,B,retelling,retelling,openlibrary_OL15058678W,Dr. Jekyll and Mr. Hyde,Fiona MacDonald,...A retelling of Robert Louis Stevenson's The strange...
,B,retelling,retelling,openlibrary_OL15082790W,Little vampire women,Lynn Messina,...er change.This horrifying—and hilarious—retelling of a timeless American classic will lea...
,B,retelling,reimagining,openlibrary_OL16342584W,Hemlock Grove,Brian McGreevy,"...rewolf, the vampire, Frankenstein - and reimagining them for our time""--..."
,B,retelling,Retold,openlibrary_OL16682108W,The pit and the pendulum,Sean Tulien,"...Retold in graphic novel format, the narrator t..."
,B,retelling,retelling,openlibrary_OL23304711W,The body-snatcher,Vincent Goodwin,...In this graphic retelling of a short story by Robert Louis Steven...
,B,retelling,retelling,openlibrary_OL23304719W,The Wendigo,Vincent Goodwin,"...In this graphic retelling of a story by Algernon Blackwood, a gro..."
,B,retelling,retelling,openlibrary_OL274490W,Beware!,Robert Lawrence Stine,"...fun. Discover a ghastly secret in a retelling of the classic story ""The Judge′s House..."
,B,retelling,retold,openlibrary_OL2963072W,More conflicts,"Burton Goodman, Edgar Allan Poe, Jack London",...a fire / Jack London Wise old woman / retold by Yoshiko Uchida EPICAC / Kurt Vonneg...
,B,retelling,retelling,openlibrary_OL451054W,Mary Reilly,Valerie Martin,...This retelling of the enigmatic Dr. Jekyll-Mr. Hyde ta...
,B,retelling,retelling,openlibrary_OL46873W,Eaters of the Dead,Michael Crichton,...sources. The first three chapters are a retelling of Ahmad ibn Fadlan's personal account...
,B,retelling,retold,openlibrary_OL8065891W,More Classics to Read Aloud to Your Children,"William F. Russell, Russell, William F., Hans Christian Andersen, Nathaniel Hawthorne, Lewis Carroll, Mark Twain, Marjorie Kinnan Rawlings, William Shakespeare, Edgar Allan Poe, Shirley Jackson, Jack London",...ost Macbeth by William Shakespeare (as retold by Charles Lamb) Lines Written in Earl...
,B,retelling,retelling,openlibrary_OL859795W,The strange case of Dr. Jekyll and Mr. Hyde,Stacy Savran,...A retelling of the tale in which a kind and well-re...
,B,retelling,retelling,poison1,Poison,Sarah Pinborough,...Poison is a beautifully illustrated retelling of the Snow White story which takes all...
,B,retelling,retold,openlibrary_OL112094W,Her stories,Virginia Hamilton,...actually true herstories collected and retold by Virginia Hamilton....
,B,retelling,re-telling,openlibrary_OL15136800W,The Country Mouse and the City Mouse,"Aesop's Fables, Patricia M. Scarry",...to drop his bone in a stream.** **A re-telling of three well-known fables involving an...
,B,retelling,retelling,openlibrary_OL15227626W,Hänsel und Gretel,Gebrüder Grimm [Brothers Grimm],...A retelling of the adventures of a brother and sist...
,B,retelling,Retelling,openlibrary_OL20607656W,Snack Attack! (Cloudy With a Chance of Meatballs 2),Natalie Shaw,...**Retelling of TM & © 2013 Sony Pictures Animation...
,B,retelling,retelling,openlibrary_OL23193490W,Little Dead Riding Hood,Amie Borst,"...fit in at her new school in this quirky retelling of a classic fairytale""--..."
,B,retelling,retelling,openlibrary_OL2382360W,Apollonius Rhodius,Apollonius Rhodius,"...n the third century B.C.E., is the epic retelling of Jason's quest for the golden fleece...."
,B,retelling,retelling,openlibrary_OL259010W,A Midsummer Night's Dream,William Shakespeare,"...formed. Like a classic fairy tale, this retelling of William Shakespeare's most beloved c..."
,B,retelling,retelling,openlibrary_OL2920563W,Mufaro's Beautiful Daughters,"John Steptoe, Joe Steptoe, Robin Miles","...nd Reading Rainbow book, this memorable retelling of Cinderella is perfect for introducin..."
,B,retelling,Retold,openlibrary_OL15518343W,Sherlock Holmes and the adventure of the Sussex vampire,Murray Shaw,"...Retold in graphic novel form, Sherlock Holmes..."
,B,retelling,retelling,openlibrary_OL16010195W,Emma and the vampires,Wayne Josephson,"...In this hilarious retelling of Jane Austen's ""Emma,"" Mr. Knightley..."
,B,retelling,Retold,openlibrary_OL16414294W,Vampire Academy,Leigh Dragoon,"...Retold in graphic novel format, runaway vampir..."
,B,retelling,Retold,openlibrary_OL16471217W,Frostbite,Leigh Dragoon,"...Retold in graphic novel format, guardian-in-tr..."
,B,retelling,Retold,openlibrary_OL18017092W,Shadow kiss,Leigh Dragoon,"...Retold in graphic novel format, while Rose is..."
,B,retelling,retelling,openlibrary_OL19984539W,Una princesa real,Brenda Williams,"...In this retelling of the Andersen tale, which also introd..."
,B,retelling,retelling,openlibrary_OL20003690W,Interstellar Cinderella,Deborah Underwood,"...stars for this irrepressible fairy tale retelling, its independent heroine, and its stell..."
,B,retelling,retelling,openlibrary_OL2997485W,Thumbelina,"Amy Ehrlich, Susan Jeffers",...A retelling of Hans Christian Andersen's classic fa...
,B,retelling,retelling,openlibrary_OL396062W,Ramayana,"Vālmīki, Robert P. Goldman, Krishna Dharma",...A prose retelling of India's epic poem describing the goo...
,B,retelling,retelling,openlibrary_OL4135305W,The Bremen town musicians,Ilse Plume,...A retelling of the Grimm tale in which an old donke...
,B,retelling,retold,openlibrary_OL45429W,Rotkäppchen,"Charles Perrault, Gebrüder Grimm [Brothers Grimm]",...e folk tale _Petite chaperon rouge_ was retold in German by the Grimm Brothers as _Rot...
,B,retelling,re told,openlibrary_OL516753W,Streams of Silver,R. A. Salvatore,"...claim Mithral Hall. Time and again they're told to turn back, that some dreams can neve..."
,B,retelling,retelling,openlibrary_OL1417808W,The Sword and the Circle,"Rosemary Sutcliff, Thomas Malory",...A retelling of the adventures and exploits of King...
,B,retelling,retelling,openlibrary_OL14908300W,King Arthur & his Knights of the Round Table,Thomas Malory,...sword from its stone. This spellbinding retelling brings to life King Arthur and the adve...
,B,retelling,retelling,openlibrary_OL16805944W,William Shakespeare's Star Wars,"Ian Doescher, George Lucas",...A retelling of Star wars in the style of Shakespear...
,B,retelling,retelling,openlibrary_OL1875008W,Home,"Marilynne Robinson, Maggi-Meg Reed","...son returns with a brilliantly imagined retelling of the prodigal son parable, set at the..."
,B,retelling,retelling,openlibrary_OL19207464W,The greatest life ever lived,"David R. Collins, Phyllis Vos Wezeman",...A retelling of the events in the life of Jesus Chri...
,B,retelling,re-telling,openlibrary_OL1957676W,The life and times of Sir Thomas Malory,P. J. C. Field,...th unequalled power in Malory's vibrant re-telling of the Arthurian stories. His Morte Dar...
,B,retelling,retelling,openlibrary_OL19714W,Second chance,Danielle Steel,"...an alternate American Revolutionary War retelling. If you like American history, time tra..."
,B,retelling,re told,openlibrary_OL20006604W,Consequences,Aleatha Romig,"...aptor with very strict rules: do as you're told, public failure is not an option, and a..."
,B,retelling,retelling,openlibrary_OL20036168W,The Girl from Venice,"Martin Cruz Smith, Zach Appelman","...Venice is a thriller, a mystery, and a retelling of Italian history that will take your..."
,B,retelling,retelling,openlibrary_OL22058441W,"Persuasion, Captain Wentworth and cracklin' cornbread",Mary Jane Hathaway,"...""A lively Southern retelling of Jane Austen's Persuasion, featuring..."
,B,retelling,retelling,openlibrary_OL28694W,The road to Bethlehem,Elizabeth Laird,...An Ethiopian retelling of the events surrounding the birth of...
,B,retelling,retelling,openlibrary_OL455546W,The Scarlet Letter,"Lake Education, Nathaniel Hawthorne, Crystal S. Chan",...enge are timeless. This beautiful manga retelling of Hawthorne's classic American novel i...
,B,retelling,retelling,openlibrary_OL15712928W,Duty and desire,Pamela Aidan,"...A retelling of the life of Jane Austen's ""Pride and..."
,B,retelling,retelling,openlibrary_OL17640796W,Star Wars The Empire Strikes Back - So You Want to Be a Jedi?,Adam Gidwitz,...hor Adam Gidwitz delivers a captivating retelling of Star Wars: The Empire Strikes Back l...
,B,retelling,retelling,openlibrary_OL1854097W,"Inanna, queen of heaven and earth",Diane Wolkstein,...Translation and retelling of the Inanna stories from the Sumerian...
,B,retelling,retelling,openlibrary_OL19670222W,Star Wars Return of the Jedi - Beware the Power of the Dark Side!,Tom Angleberger,"...Presents a retelling of the third Star Wars movie, featuring..."
,B,retelling,reimagining,openlibrary_OL19744545W,Supergirl,Mariko Tamaki,"...nt. Being an outcast. Being super. This reimagining of Supergirl will appeal to ""--..."
,B,retelling,retelling,openlibrary_OL19979049W,A new hope,Emma Grange,...the clutches of the Empire. This LEGO retelling of the first Star Wars movie finds Luke...
,B,retelling,retelling,openlibrary_OL315268W,Ramayana,Romesh Chunder Dutt,...This fresh retelling of the classic Indian epic offers the W...
,B,retelling,re-told,openlibrary_OL38828W,Mythologies,William Butler Yeats,...Collection of folklore stories re-told by Yeats. It gathers three of his othe...
,B,retelling,retelling,openlibrary_OL15105748W,Blood echoes,Thomas H. Cook,...only the beginning of Thomas H. Cook’s retelling of this gruesome story; the horrors con...
,B,retelling,retelling,openlibrary_OL1814451W,Further tales of Uncle Remus,Julius Lester,...A retelling of the classic Afro-American tales rela...
,B,retelling,Retelling,openlibrary_OL15381776W,Erwählte,Thomas Mann,"...Retelling of a medieval legend ""of the exceeding..."
,B,retelling,re told,openlibrary_OL1685821W,Unclaimed heart,Kim Wilkins,"...h woman in 1799 are simple: Do what you're told; stay out of the way; and don't, under..."
,B,retelling,retelling,openlibrary_OL1941465W,Cooking with the Cat,Bonnie Worth,...n the Hat bakes cupcakes in this simple retelling of a scene from the movie version of Dr...
,B,retelling,retold,openlibrary_OL20940766W,Daddy's zigzagging bedtime story,Alan Lawrence Sitomer,"...they are bored with all their books and retold tales, their father makes up a new bedt..."
,B,retelling,retold,openlibrary_OL23223192W,Hansel and Gretel and the green witch,Laura North,"...""In this classic fairy tale, retold with a twist, Hansel and Gretel are eat..."
,B,retelling,retelling,openlibrary_OL3914593W,T. H. White's The once and future king,Elisabeth Brewer,...own phrase) resulted in the last major retelling of the story based on Malory's Morte Da...
,B,retelling,retelling,openlibrary_OL8909095W,Finn,Matthew Olshan,...Imagine a modern-day retelling of Mark Twain's classic [*The Adventure...
,B,retelling,Retold,openlibrary_OL15082625W,Sherlock Holmes and the adventure of the blue gem,Murray Shaw,"...Retold in graphic novel form, Sherlock Holmes..."
,B,retelling,Retold,openlibrary_OL15414058W,Sherlock Holmes and the adventure of the six Napoleons,Murray Shaw,"...Retold in graphic novel form, Sherlock Holmes..."
,B,retelling,retold,openlibrary_OL16161705W,Fractured fables,Jim Valentino,"...ry tales, songs, fables, and stories as retold by such acclaimed authors and illustrat..."
,B,retelling,Retold,openlibrary_OL16470015W,Sherlock Holmes and the Boscombe Valley Mystery,"Murray Shaw, M. J. Cosson","...Retold in graphic novel form, Sherlock Holmes..."
,B,retelling,retelling,openlibrary_OL1871499W,Fagin el judio,Will Eisner,"...literature's most infamous characters, retelling the story of Oliver Twist from Fagin's..."
,B,retelling,retelling,openlibrary_OL19728177W,Virgil's the Aeneid,Diego Agrimbau,"...In this graphic retelling of Virgil's classic tale, Aeneas escape..."
,B,retelling,reimagining,openlibrary_OL20028041W,Speakers of the dead,J. Aaron Sanders,"...ping, Speakers of the Dead is a vibrant reimagining of one of America's most beloved litera..."
,B,retelling,retelling,openlibrary_OL20049037W,Shackleton,Gavin McCumiskey,...et sail with him. The first illustrated retelling of the greatest feat of leadership and...
,B,retelling,Retold,openlibrary_OL23281950W,Sir Arthur Conan Doyle's The adventure of the second stain,Vincent Goodwin,"...Retold in graphic novel form, Sherlock Holmes..."
,B,retelling,retelling,openlibrary_OL24208538W,La odisea,Federico Alonso Villalobos Goyarrola,...no todo tipo de obstáculos. Presents a retelling of Homer's epic in graphic novel format...
,B,retelling,retelling,openlibrary_OL547106W,The centurion's wife,"T. Davis Bunn, Janette Oke",...Janette Oke has dreamed for years of retelling a story in a biblical time frame from a...
,B,retelling,reimagining,openlibrary_OL5748345W,Fables,Bill Willingham,"...in FABLES, Bill Willingham’s celebrated reimagining of the venerable fairy tale canon. From..."
,B,retelling,retelling,openlibrary_OL118715W,A telling of the tales,William J. Brooke,"...A retelling of five classic folk/fairy tales, inclu..."
,B,retelling,retelling,openlibrary_OL19716686W,Star Wars - From a Certain Point of View,"Renée Ahdieh, Meg Cabot, Pierce Brown, Nnedi Okorafor, Sabaa Tahir","...r unique vision to forty ""scenes,"" each retelling a different moment from the original St..."
,B,retelling,retelling,openlibrary_OL20702143W,Jules Verne's Around the World in 80 Days,"Chris Everheart, Tod G. Smith, Jules Verne","...In this graphic retelling of the classic novel, Phileas Fogg bets..."
,B,retelling,Retold,openlibrary_OL24290176W,The Orchard book of heroes and villains,Tony Bradman,...hideous monsters and terrifying giants. Retold in a lively and humorous style by Tony...
,B,retelling,retelling,openlibrary_OL446645W,The emerald lizard,Pleasant DeSpain,...A retelling in English and Spanish of fifteen tradi...
,B,retelling,retelling,openlibrary_OL50386W,The lion and the rat,Jean de La Fontaine,...A retelling of the La Fontaine fable in which a sma...
,B,retelling,retold,openlibrary_OL5790692W,The seven sisters of the Pleiades,Munya Andrews,...istorians have told throughout time are retold in this compilation of the stories that...
,B,retelling,retelling,openlibrary_OL6699502W,The adventures of Odysseus,"Marvin, Francis Sydney","...A retelling of Homer's Odyssey, relating the wander..."
,B,retelling,retelling,openlibrary_OL800804W,Vendredi ou les Limbes du Pacifique (Folio Series Number 959),Michel Tournier,"...cademie Francaise, is a sly, enchanting retelling of the legend of Robinson Crusoe by the..."
,B,retelling,retelling,openlibrary_OL15178537W,THE HOT-BLOODED HUSBAND,ALICE GAINES,...diness of the classics. A contemporary retelling of the story of Lysistrata seemed natur...
,B,retelling,retelling,openlibrary_OL2022175W,"Carmilla, the Return",Kyle Marffin,...in debuts with a provocative modern day retelling of Sheridan LeFanu's classic 19th centu...
,B,retelling,retelling,openlibrary_OL24714759W,The Padisah's Son and the Fox,Alex Jeffers,...bal—whiles away tedious days and nights retelling old folk tales to the other inmates. Bu...
,B,retelling,retold,openlibrary_OL24715971W,Story of L,Debra Hyde,"...hoped for? Find out in a timeless tale, retold...."
,B,retelling,retelling,openlibrary_OL9200598W,Polyphilo,Alberto Pérez-Gómez,"...itects, takes place in a forest. In the retelling, the forest has been replaced by the hi..."
