decision(keep/blank),tier,trope,matched_phrase,book_id,title,author,context
,A,kidnapping,kidnapped,openlibrary_OL15134928W,Bringing Elizabeth home,"Ed Smart, Lois Smart","...h’s story, but after their daughter was kidnapped she became the whole world’s daughter...."
,A,unsolvable-cold-case-reopened,unsolved case,openlibrary_OL19335727W,Wicked Takes the Witness Stand: A Tale of Murder and Twisted Deceit in Northern Michigan,Mardi Link,"...and, unravels this mysterious and still unsolved case that sucked state police and local offi..."
,B,corrupt-cop-official,corrupt cop,openlibrary_OL2671485W,The Alienist,Caleb Carr,"...rminous tenements and opulent mansions, corrupt cops and flamboyant gangsters, shining oper..."
,B,corrupt-cop-official,corrupt official,openlibrary_OL8205086W,Blood From Stones,Douglas Farah,"...iberia. Probing the shadowy world where corrupt officials, diamond and arms merchants, vicious r..."
,B,corrupt-cop-official,corrupt cop,openlibrary_OL1732353W,Cocaine Blues,Kerry Greenwood,"...oisoned wives, cocaine smuggling rings, corrupt cops and communism - not to mention erotic..."
,B,corrupt-cop-official,corrupt police,hardcover_623656,Antwerp,Roberto Bolaño,...irl who runs narcotics and has sex with corrupt policemen—the central narrative is elusive. Re...
,B,criminal-mastermind,master criminal,openlibrary_OL1518175W,Favorite Sherlock Holmes Detective Stories (Adventure of the Crooked Man / Adventure of the Dancing Men / Adventure of the Engineer's Thumb / Adventure of the Speckled Band / Final Problem / Red-Headed League / Scandal in Bohemia / Silver Blaze),Arthur Conan Doyle,...ifficult cases and bring to justice the master criminals of Victorian England. Now readers can...
,B,criminal-mastermind,criminal mastermind,openlibrary_OL17199409W,Artemis Fowl. The Graphic Novel,"Eoin Colfer, Andrew Donkin, Michael Moreci, Stephen Gilpin","...and fell in love with a twelve-year-old criminal mastermind named Artemis Fowl. Since then, the ser..."
,B,criminal-mastermind,criminal mastermind,openlibrary_OL15880W,The color of death,Ann Maxwell,...ral agents who suspect her of being the criminal mastermind of a cunning bait-and-switch scheme.Spe...
,B,criminal-mastermind,criminal mastermind,openlibrary_OL167150W,Double Cross,James Patterson,...drawn back into the game to confront a criminal mastermind like no other. The elaborate murders th...
,B,criminal-mastermind,Master Criminal,openlibrary_OL175848W,Lion in the valley,Elizabeth Peters,...likely presence of her arch nemesis the Master Criminal -- notorious looter of the living and t...
,B,criminal-mastermind,criminal mastermind,hardcover_440323,Moriarty,Anthony Horowitz,"...laimed the lives of Sherlock Holmes and criminal mastermind Professor Moriarty, Pinkerton detective..."
,B,criminal-mastermind,criminal mastermind,hardcover_295286,Perfect Scoundrels,Ally Carter,"...mes from a long, proud line of loveable criminal masterminds, while Hale is the son of one of the m..."
,B,criminal-mastermind,criminal mastermind,hardcover_49546,The Wrecker,"Clive Cussler, Justin Scott","...ned to displace the ""privileged few""? A criminal mastermind engineering some as yet unexplained sch..."
,B,detective-who-becomes-a-suspect,investigator Adam Haines into a most perplexing situation. The suspect,openlibrary_OL111414W,The art of deception,Nora Roberts,"...g on. A stolen painting led under cover investigator Adam Haines into a most perplexing situation. The suspects, father and daughter, were unusual to..."
,B,detective-who-becomes-a-suspect,"detective, is also an innocent bystander - until he becomes a suspect",openlibrary_OL2619305W,One Good Turn,Kate Atkinson,"...Brodie, ex-army, ex-police, ex-private detective, is also an innocent bystander - until he becomes a suspect. With ""Case Histories"", Kate Atkinson s..."
,B,detective-who-becomes-a-suspect,"detective investigating the case, assures Sarah that she is not a suspect",openlibrary_OL491709W,Dying To Please,Linda Howard,"...r is brutally murdered. The charismatic detective investigating the case, assures Sarah that she is not a suspect. Until lightning strikes twice. There's..."
,B,detective-who-becomes-a-suspect,"agent, she plays a dangerous game, and is soon suspect",openlibrary_OL3923118W,While Still We Live,Helen MacInnes,"...for the Polish underground as a double-agent, she plays a dangerous game, and is soon suspected by the Germans. Forced to flee to the..."
,B,detective-who-becomes-a-suspect,suspects murder. She starts her own investigation,hardcover_584823,Vera Wong's Unsolicited Advice for Murderers,"Jesse Q. Sutanto, Eunice Wong","...n and overdosed on MDMA. Vera, however, suspects murder. She starts her own investigation and becomes entangled in the lives of h..."
,B,it-was-suicide-or-was-it,Was it suicide,openlibrary_OL17915698W,The Heiresses,Sara Shepard,"...hreat: one heiress down, four to go. Was it suicide... or murder? In the aftermath of the t..."
,B,it-was-suicide-or-was-it,suicide but was murder,openlibrary_OL176293W,The Accusers,Lindsey Davis,...rove a convicted senator did not commit suicide but was murdered....
,B,it-was-suicide-or-was-it,Was it an accident,openlibrary_OL5757091W,Sweet Poison,David Roberts,"...se, when one of the guests is poisoned. Was it an accident or something more sinister? The Duke's..."
,B,it-was-suicide-or-was-it,apparent suicide,hardcover_77593,The Ice Princess,"Camilla Läckberg, Steven T. Murray","...ozen in a bathtub, her wrists cut in an apparent suicide. The investigation shows that the young..."
,B,it-was-suicide-or-was-it,apparent suicide,hardcover_510406,"I, Sniper",Stephen Hunter,...en Carl Hitchcock turns up dead from an apparent suicide he decides to investigate further to cl...
,B,killer-hiding-in-plain-sight,hiding in plain sight,openlibrary_OL20457356W,Citizen 865,Debbie Cenziper,"...the ""Trawniki Men"" who had spent years hiding in plain sight, their terrible secrets intact. Cenzipe..."
,B,killer-hiding-in-plain-sight,hiding in plain sight,openlibrary_OL19711751W,Proof of life,J. A. Jance,"...implacable enemy who has spent decades hiding in plain sight."" -- From publisher's description...."
,B,killer-hiding-in-plain-sight,hiding in plain sight,hardcover_476318,The Appeal,Janice Hallett,"...rowing suspicion that the killer may be hiding in plain sight. The evidence is all there, between the..."
,B,killer-hiding-in-plain-sight,hiding in plain sight,hardcover_437313,Midnight at the Bright Ideas Bookstore,Matthew J. Sullivan,"...writer.** Lydia Smith lives her life hiding in plain sight. A clerk at the Bright Ideas bookstore,..."
,B,perfect-crime,perfect crime,openlibrary_OL167175W,Roses Are Red,James Patterson,"...Mastermind is plotting one huge, last, perfect crime...."
,B,perfect-crime,the perfect crime,openlibrary_OL167204W,Dead days of summer,Carolyn G. Hart,...sk a killer who just may have committed the perfect crime....
,B,perfect-crime,The perfect crime,openlibrary_OL5971851W,The 50 Greatest Mysteries of All Time,"Otto Penzler, Edgar Allan Poe, Wilkie Collins, Thomas Hardy, Arthur Conan Doyle, Melville Davisson Post, E. W. Hornung, Edith Wharton, Jack London, O. Henry, Jacques Futrelle, Robert Barr, Gilbert Keith Chesterton, Frederick Irving Anderson, Vincent Starrett, Aldous Huxley, Ring Lardner, Ernest Hemingway, Thomas Burke, Georges Simenon, Logan Clendening, James Gould Cozzens, Lord Dunsany, John Collier, Ben Ray Redman, Robert Bloch, Barry Perowne, James Thurber, C. P. Donnel, Harry Kemelman, Ogden Nash, Stanley Ellin, A. A. Milne, Ellery Queen, Evan Hunter, Mickey Spillane, Jack Ritchie, Patricia Highsmith, Edward D. Hoch, Isaac Asimov, John Gardner, Stephen King, Clark Howard, Ruth Rendell, Lawrence Block, Stephen Greenleaf, James Ellroy, Sara Paretsky, Harlan Ellison, Charles McCarry, Elmore Leonard","...ord Dunsany The chaser / John Collier The perfect crime / Ben Ray Redman Yours truly, Jack the..."
,B,perfect-crime,the perfect crime,openlibrary_OL8110489W,In Her Own Backyard,Howard R. Lemcke,...It was the perfect crime...almost. For Salt Lake City residen...
,B,perfect-crime,the perfect murder,hardcover_428808,56 Days,Catherine Ryan Howard,...Now one of them is dead. Could this be the perfect murder? 56 DAYS AGO Ciara and Oliver meet in a...
,B,perfect-crime,the perfect crime,hardcover_946573,The Enemy's Cosmetique,Amélie Nothomb,"...""Without wanting to, I have committed the perfect crime: nobody saw me coming, except for the v..."
,B,perfect-crime,the perfect crime,hardcover_17007,Playing for the Ashes Part 2,Elizabeth George,...most frustrating case of their careers: the perfect crime. When in an act of desperation Lynley b...
,B,revenge-plot,revenge,openlibrary_OL19335727W,Wicked Takes the Witness Stand: A Tale of Murder and Twisted Deceit in Northern Michigan,Mardi Link,...and a psychopathic star witness out for revenge. Award-winning author Mardi Link's thir...
,B,stalker-unhinged-ex-as-red-herring-or-real-threat,stalker,openlibrary_OL134371W,Trace,Patricia Cornwell,"...to be an unrelated attempted rape by a stalker, Scarpetta is faced with investigating..."
,B,stalker-unhinged-ex-as-red-herring-or-real-threat,stalker,openlibrary_OL17864100W,"Hush, hush",Laura Lippman,"...n scrutinizing Melisandre, a judgmental stalker has been watching her every move as wel..."
,B,stalker-unhinged-ex-as-red-herring-or-real-threat,stalker,openlibrary_OL16865W,Double minds,Terri Blackstock,"...er, industry corruption, and a menacing stalker draw Parker into danger and intrigue...."
,B,stalker-unhinged-ex-as-red-herring-or-real-threat,stalker,openlibrary_OL491809W,Mr. Perfect,Linda Howard,...-- and time is running out as a deadly stalker targets the three remaining friends. No...
,B,stalker-unhinged-ex-as-red-herring-or-real-threat,stalker,openlibrary_OL486650W,Beneath the skin,Nicci French,"...timized twiceover, once by the faceless stalker and again by the police, each must ulti..."
,B,stalker-unhinged-ex-as-red-herring-or-real-threat,stalker,openlibrary_OL19761923W,You don't own me,"Mary Higgins Clark, Alafair Burke",...herself in grave danger as a mysterious stalker plots his next move. When we last saw L...
,B,stalker-unhinged-ex-as-red-herring-or-real-threat,being stalked,openlibrary_OL17079191W,Hope to Die,James Patterson,"...Detective Alex Cross is being stalked by a psychotic genius, forced to play t..."
,B,stalker-unhinged-ex-as-red-herring-or-real-threat,stalker,openlibrary_OL17827196W,Deadly,Sara Shepard,"...ars if anyone ever found out. And their stalker ""A"" knows everything. So far A has k..."
,B,stalker-unhinged-ex-as-red-herring-or-real-threat,stalker,openlibrary_OL462990W,Stalker,Faye Kellerman,"...frightened, harmed - or dead. As her stalker grows bolder and more devious, Cindy fi..."
,B,stalker-unhinged-ex-as-red-herring-or-real-threat,stalker,openlibrary_OL491709W,Dying To Please,Linda Howard,...But she doesn't realize that a deranged stalker is luring her into an elaborate trap ....
,B,stalker-unhinged-ex-as-red-herring-or-real-threat,stalker,hardcover_1083901,"Every Time I Go on Vacation, Someone Dies",Catherine  Mack,"...ith literary competitors, rabid fans, a stalker—and even her ex, Oliver, who turns up u..."
,B,stalker-unhinged-ex-as-red-herring-or-real-threat,stalker,hardcover_1360139,The Hallmarked Man,Robert Galbraith,...f MI5 took the note he left behind. The stalker threatens Robin again and drops a Mason...
,B,stalker-unhinged-ex-as-red-herring-or-real-threat,Stalker,hardcover_8945,Stalker,"Lars Kepler, Neil Smith","...is in the grip of terror. Who will the Stalker target next?""--Back cover. ""The Stoc..."
,B,stalker-unhinged-ex-as-red-herring-or-real-threat,being stalked,hardcover_380241,Your Heart Belongs to Me,Dean Koontz,"...elongs to me,"" and discovers that he is being stalked by a mysterious woman who bears a strik..."
,B,twist-ending,nothing is as it seems,openlibrary_OL14959791W,Echo Burning,Lee Child,...home with her to the lonely ranch where nothing is as it seems and where evil swirls around them like...
,B,twist-ending,nothing is as it seems,openlibrary_OL79327W,Long Lost,Harlan Coben,"...Caught in a foreign landscape where nothing is as it seems, he must tear apart the city and eventu..."
,B,twist-ending,nothing is what it seems,openlibrary_OL17767905W,The lady from Zagreb,Philip Kerr,"..., the favor is personal. And this time, nothing is what it seems. Set down amid the killing fields of Us..."
,B,twist-ending,nothing is as it seems,openlibrary_OL19714604W,The Scholl case,Anja Reich-Osang,"...of marriage, sex and politics, in which nothing is as it seems...."
,B,twist-ending,nothing is what it seems,hardcover_483299,The Immortal Circus: Act One,A.R. Kahler,"...But like most things under the big top, nothing is what it seems. With a past she can't quite remeber, V..."
,B,wrong-person-convicted,wrongly imprisoned,openlibrary_OL17356240W,Accused,Lisa Scottoline,...elieves Lonnie is innocent and has been wrongly imprisoned. The Gardner family is one of the riche...
,B,wrong-person-convicted,exonerate,openlibrary_OL17697326W,Finger lickin' dead,Riley Adams,...ylor works to catch the real killer and exonerate her loved ones....
,B,wrong-person-convicted,exonerate,openlibrary_OL20285172W,The Guardians,John Grisham,"...sso, and they do not want Quincy Miller exonerated. They killed one lawyer twenty-two..."
,B,wrong-person-convicted,exonerate,hardcover_153359,The Fifth Witness,Michael Connelly,"...Mickey puts his team into high gear to exonerate Lisa Trammel, even though the evidence..."
