slug,kind,uses_total,uses_in_lesfic,source_of_decision
sapphic,tag,525,465,accepted-suggestion
lesbian,tag,461,453,accepted-suggestion
contemporary,tag,966,325,accepted-suggestion
royalty,trope,294,284,accepted-suggestion
ice-queen,trope,260,260,accepted-suggestion
american,tag,515,252,accepted-suggestion
masc-femme,trope,252,252,accepted-suggestion
low-angst,trope,230,230,accepted-suggestion
femme,tag,200,200,accepted-suggestion
25-39-lead,tag,188,188,accepted-suggestion
angsty-romance,trope,160,160,accepted-suggestion
age-gap,trope,186,149,accepted-suggestion
low-angst-romance,trope,125,125,accepted-suggestion
40-lead,tag,121,121,accepted-suggestion
action,drop,550,119,accepted-suggestion
masculine,tag,116,116,accepted-suggestion
sunshine,trope,116,116,accepted-suggestion
workplace,trope,119,115,accepted-suggestion
cinnamon-roll,trope,112,110,accepted-suggestion
futuristic,tag,126,93,accepted-suggestion
speculative-fiction,tag,178,89,accepted-suggestion
bisexual,tag,111,89,accepted-suggestion
bisexual-or-pansexual,tag,86,86,accepted-suggestion
british,tag,326,73,accepted-suggestion
small-town,trope,115,64,accepted-suggestion
hot-and-spicy,tag,64,64,accepted-suggestion
femme-femme,trope,59,59,accepted-suggestion
celebrity,trope,62,57,accepted-suggestion
slow-burn-romance,trope,278,55,accepted-suggestion
war,drop,4751,54,accepted-suggestion
coming-out,trope,54,54,accepted-suggestion
action-novels,drop,49,49,accepted-suggestion
paranormal,tag,172,42,accepted-suggestion
small-business-owner,tag,42,42,accepted-suggestion
medical-professional,tag,42,42,accepted-suggestion
pet-parent,tag,39,39,accepted-suggestion
ceo,tag,38,38,accepted-suggestion
listings,tag,38,38,accepted-suggestion
touch-starved,trope,38,37,accepted-suggestion
straight-to-gay,trope,36,36,user
new-adult-18-24-lead,tag,35,35,accepted-suggestion
includes-adult-toys,tag,35,35,accepted-suggestion
comedy-novels,tag,35,35,accepted-suggestion
adventure-novels,tag,34,34,accepted-suggestion
romantic-subplot,tag,33,33,accepted-suggestion
trapped-together,trope,31,31,user
black,tag,40,31,accepted-suggestion
author-writer,tag,30,30,accepted-suggestion
short-story-or-novella,tag,30,30,accepted-suggestion
political-intrigue,tag,253,30,accepted-suggestion
teacher-professor,tag,30,30,accepted-suggestion
light-and-fluffy,tag,30,30,accepted-suggestion
magic-user,tag,29,29,accepted-suggestion
author-of-colour,drop,29,29,user
competence-kink,tag,39,28,accepted-suggestion
cop,tag,28,28,accepted-suggestion
worldbuilding,tag,56,26,accepted-suggestion
artist,tag,26,26,accepted-suggestion
divorcee,tag,25,25,accepted-suggestion
musician,tag,27,24,accepted-suggestion
