doubt_score,decision,book_id,title,author,confidence,known,status,TROPES,TAGS,why_flagged,my_note,description_snippet
4,approve,openlibrary_OL16341229W,Lark,Tracey Porter,unknown_book,NO,pending,,,known=false | description is junk/wrong-book metadata,,"Kermit Bloomgarden presents Julie Harris in ""The Lark,"" a play by Jean Anouilh, adapted by Lillian Hellman, also starring Sam Jaffe, Leo Ciceri, George MacReady, Bruce Gordon, James O'Rear, Edward  Binns, directed by Jos"
4,approve,openlibrary_OL15836370W,Follies,Ann Beattie,unknown_book,NO,pending,,,known=false | description is junk/wrong-book metadata,,"Winter Garden, New York Drama Critics' Circle Award, best musical 1971, Harold Prince in association with Ruth Mitchell presents Alexis Smith, Gene Nelson, Dorothy Collins, John McMartin ""Follies,"" a new musical also sta"
3,approve,learning_curves,Learning Curves,Rachel Lacey,unknown_book,NO,pending,,,known=false | no description,,
3,approve,when_dc_loved_iowa,When DC Loved Iowa,Lee Winter,unknown_book,NO,pending,,,known=false | no description,,
3,approve,discovering_nicola,Discovering Nicola,Clare Ashton,unknown_book,NO,pending,,,known=false | no description,,
3,approve,tempting_olivia,Tempting Olivia,Clare Ashton,unknown_book,NO,pending,,,known=false | no description,,
3,approve,change_of_heart,Change Of Heart,KA Moll,unknown_book,NO,pending,,,known=false | no description,,
3,approve,hardcover_1905929,The Merge,Grace          Walker,unknown_book,NO,pending,,,known=false | no description,,
3,approve,hardcover_1687809,The Love Lie,Monica McCallan,unknown_book,NO,pending,,,known=false | no description,,
3,approve,contact,Contact,Carl Sagan,high,yes,approved,"first-contact-with-aliens, ethics-of-scientific-progress, what-does-it-mean-to-be-human, government-cover-up","first-contact, hard-sci-fi, reflective, challenging, hopeful",description is junk/wrong-book metadata | proposed new term: faith-vs-truth,,"The Back Alley Theatre presents ""An Evening With Terefenko,"" three comedies by Thomas Terefenko, Naomi Eftis, producing director, ""The Contact,"" directed by Pat Pearlstein. Production staff: assistant stage manager Sally"
3,,hardcover_450843,The Sentence,Louise Erdrich,medium,yes,approved,"ghost-vengeful-spirit, grief-and-loss-as-central-theme, interpersonal-character-study, class-social-commentary","reflective, emotional, sad",medium confidence | description is junk/wrong-book metadata,,Large print edition
3,,evolution,Evolution,Stephen Baxter,medium,yes,approved,"generation-spanning-saga, survival-narrative, what-does-it-mean-to-be-human, environmental-collapse-narrative","hard-sci-fi, challenging, reflective",medium confidence | description is junk/wrong-book metadata,,"Part of a evolution project and a companion website for a seven-part, eight-hour television broadcast series, a co-production of WGBH and Clear Blue Sky Productions, which premiered on PBS September 24-27, 2001. Includes"
3,,hardcover_159870,Time,Stephen Baxter,medium,yes,pending,"parallel-universe-multiverse, ethics-of-scientific-progress, space-exploration, what-does-it-mean-to-be-human","hard-sci-fi, challenging, dark",medium confidence | description is junk/wrong-book metadata,,About the significance of the time is described....
3,approve,openlibrary_OL19781733W,Eleanor Oliphant is Completely Fine,Gail Honeyman,medium,yes,pending,"mental-health-narrative, tragic-past, identity-and-self-discovery, interpersonal-character-study, neurodivergent-protagonist","literary-fiction, emotional, funny, sad, hopeful",medium confidence | description is junk/wrong-book metadata,,See https://openlibrary.org/works/OL19781733W/Eleanor_Oliphant_Is_Completely_Fine
2,approve,openlibrary_OL272363W,Hotel de Dream,Edmund White,high,yes,approved,"real-historical-figure-as-secondary-character, forbidden-love, grief-and-loss-as-central-theme, class-divide","biographical-historical-fiction, reflective, sad, emotional",description is junk/wrong-book metadata,,"In a damp, old sussex castle, American literary phenomenon Stephen Crane lies on his deathbed, wasting away from tuberculosis at the age of twenty-eight. The world-famous author of The Red Badge of Courage has retreated "
2,,openlibrary_OL13591588W,Chum,Mark Spitzer,unknown_book,NO,pending,,,known=false,,"""Father O'Flugence knows there's nothing he can do. It's all in the hands of God now, or the Devil - who can tell the difference? The latter, of course, knows these people better. Father O'Flugence, however, believes in "
2,approve,fahrenheit_451,Fahrenheit 451,Ray Bradbury,high,yes,pending,"dystopian-government-totalitarian-regime, forbidden-knowledge, rebellion-against-an-oppressive-system, surveillance-state, identity-and-self-discovery","dystopian, dark, reflective, challenging",description is junk/wrong-book metadata,,"Hello Everyone,
I’m excited to introduce you to a classic work of dystopian literature that continues to captivate and provoke thought. The book is ""Fahrenheit 451"" by the renowned author Ray Bradbury.
""Fahrenheit 451"""
2,approve,openlibrary_OL15179136W,Believe,Victoria Alexander,unknown_book,NO,pending,,,known=false,,A contest to determine whether there is life after death pits Harry Houdini and Sir Arthur Conan Doyle against each other in a battle of rhetoric and wit. (Goodreads)
2,,openlibrary_OL20652090W,My dark Vanessa,"Kate Elizabeth Russell, Grace Gummer, Russell  Kate Elizab",high,yes,pending,"teacher-student, dual-timeline, unreliable-narrator, tragic-past, mental-health-narrative","literary-fiction, dark, challenging, sad",proposed new term: grooming | author field polluted,,"""2000. Bright, ambitious, and yearning for adulthood, fifteen-year-old Vanessa Wye becomes entangled in an affair with Jacob Strane, her magnetic and guileful forty-two-year-old English teacher.   2017. Amid the rising w"
2,,openlibrary_OL2028034W,God king,"Joanne S. Williamson, Joanne Williamson, Daria M. Sockey",medium,yes,pending,"coming-of-age, quest-journey-narrative, survival-narrative","historical-fiction, adventurous",medium confidence | author field polluted,,"A never-before published tale by the author of the best-selling Hittite Warrior, carries the reader back to Ancient Egypt and biblical Jerusalem. It is 701 B.C-rule of the Kushite dynasty in ancient Egypt. Young Prince T"
1,approve,openlibrary_OL2737410W,Ammonite,Nicola Griffith,high,yes,approved,"space-colonization, survival-narrative, identity-and-self-discovery, the-last-of-their-kind","reflective, challenging",proposed new term: sapphic,,"Change or die. These are the only options available on planet Jeep. Centuries earlier, a deadly virus shattered the original colony, killing the men and forever altering the few surviving women. Now, generations after th"
1,,openlibrary_OL19763347W,Rosewater,"Tade Thompson, Raúl García Campos",medium,yes,approved,"first-contact-with-aliens, alien-invasion, non-linear-timeline, mind-control-mind-reading-technology","dark, mysterious, tense",medium confidence,,"""Rosewater is a town on the edge. A community formed around the edges of a mysterious biodome, its residents comprise the hopeful, the hungry, and the helpless--people eager for a glimpse inside the dome or a taste of it"
1,approve,hardcover_438623,Ra,qntm,medium,yes,approved,"magic-system-with-a-cost, twist-ending, simulated-reality, apprenticeship-training-arc","hard-sci-fi, challenging, mysterious",medium confidence,,R
1,,hardcover_444909,Cultish: The Language of Fanaticism,Amanda Montell,high,yes,approved,,"psychology, narrative-nonfiction, reflective, challenging, funny",no description,,
1,,hardcover_375543,Why Does He Do That? Inside the Minds of Angry and Controlling Men,Lundy Bancroft,high,yes,approved,,"psychology, self-help, narrative-nonfiction, challenging, dark",no description,,
1,approve,openlibrary_OL16307211W,Pirate King,Laurie R. King,medium,yes,approved,"amateur-sleuth-stumbling-into-a-case, red-herring, mysterious-stranger","historical-mystery, adventurous, mysterious",medium confidence,,"Sent to Lisbon and Morocco, where a British studio is creating a silent film version of ""The Pirates of Penzance,"" Mary Russell investigates a series of crimes targeting the production and confronts a high-stakes situati"
1,approve,openlibrary_OL1807056W,Honor Among Thieves,Jeffrey Archer,medium,yes,approved,"heist, conspiracy, cat-and-mouse-pursuit, race-against-time","action-thriller, tense, adventurous",medium confidence,,Špionážní román anglického autora v originálním vydání. Dva roky po válce v Perském zálivu nastupuje do úřadu americký prezident Clinton. Irácký diktátor Saddám Hussajn se rozhodne znemožnit jej hned zpočátku a irácká ta
1,approve,truth_and_fear,Truth and Fear,Peter Higgins,medium,yes,approved,"dystopian-government-totalitarian-regime, lone-detective-maverick-investigator, cat-and-mouse-pursuit, forbidden-magic","dark-fantasy, dark, tense, mysterious",medium confidence,,"The city of Mirgorod is losing the war against the Archipelago when Investigator Lom returns, but his attention is focused on being chased by the police and the appearance of the otherworldly Pollandore."
1,approve,the_passage,The Passage,Justin Cronin,high,yes,approved,"post-apocalyptic-wasteland, ancient-evil-awakening, survival-narrative, multiple-pov, generation-spanning-saga, found-family, government-cover-up, sacrifice-for-the-greater-good","post-apocalyptic, dark, tense, emotional, challenging",no description,,
1,approve,hardcover_119459,Like Life,Lorrie Moore,medium,yes,approved,"novel-in-stories-linked-short-stories-structure, interpersonal-character-study, quiet-literary-slow-burn","reflective, sad, funny",medium confidence,,"Description: 	178 p. ; 22 cm.
Contents: 	Two boys --
Vissi d'Arte --
Joy --
You're ugly, too --
Places to look for your mind --
Jewish hunter --
Starving again --
Like life."
1,approve,openlibrary_OL11970212W,"Eyes Like Stars (Théâtre Illuminata, Act I)",Lisa Mantchev,medium,yes,approved,"found-family, coming-of-age, identity-and-self-discovery, magical-creatures-as-companions","lighthearted, funny, adventurous",medium confidence,,"Beatrice Shakespeare Smith, a sarcastic, likable 17-year-old, must find a way to make herself invaluable to the Théâtre Illuminata or she will be forced to leave the only home she has ever known. How she arrived at the t"
1,approve,openlibrary_OL17915378W,Material girls,Elaine Dimopoulos,medium,yes,approved,"dystopian-society-faction-system, class-divide, rebellion-against-an-oppressive-system, coming-of-age, identity-and-self-discovery","ya-dystopian, challenging, tense",medium confidence,,"Teens Ivy Wilde and Marla Klein, both minor celebrities, face major lifestyle changes as pop-star Ivy questions the rampant consumerism required to maintain her image, and fashionista Marla sees first-hand the appalling "
1,approve,openlibrary_OL17901597W,The Ministry of SUITs,Paul Gamble,medium,yes,approved,"secret-magical-society-hidden-in-the-mundane-world, missing-person, unlikely-hero, band-of-misfits","funny, adventurous, lighthearted",medium confidence,,"FANTASY & MAGICAL REALISM (CHILDREN'S / TEENAGE). The Ministry of SUITs is a debut novel for boys and girls aged 10+from Paul Gamble. A novel full of adventure, hilarity, heroism and ... pirates, The Ministry of SUITs te"
1,approve,openlibrary_OL24264865W,The fighting man,Alan Irwin,medium,yes,approved,"revenge-plot, coming-of-age, apprenticeship-training-arc, unlikely-hero","adventurous, tense",medium confidence,,"Young Rob Sinclair, a homesteader's son in the Wyoming Territory, has never handled a gun. But when the Nolan gang kills his parents, he's determined to bring the culprits to justice. Against the prevailing knowledge tha"
1,approve,openlibrary_OL27965402W,The flood,Simon Daniel James,medium,yes,approved,"talking-animals, sinister-warning-ignored, survival-narrative","adventurous, hopeful",medium confidence,,"""When a tiny mouse tells the children that a great flood is coming they must use all their wits to get their parents to listen. When their warnings go unheeded the children devise a clever plan to get their parents and a"
1,approve,openlibrary_OL137397W,The After House,Mary Roberts Rinehart,medium,yes,approved,"closed-circle-of-suspects, isolated-setting, red-herring, unreliable-narrator","whodunit, mysterious, tense",medium confidence,,"The After House is a gripping whodunit that revolves around a series of grisly axe murders. Set on board a ship, this murder mystery is sure to leave you on the edge of your seat."
1,approve,openlibrary_OL5715365W,Peaches,Jodi Lynn Anderson,medium,yes,approved,"coming-of-age, found-family, first-love, identity-and-self-discovery","emotional, hopeful, lighthearted",medium confidence,,"Three teenaged girls from very different backgrounds, thrown together to pick peaches in a Georgia orchard, spend a summer in pursuit of the right boy, the truest of friends, and the perfect peach."
1,approve,openlibrary_OL8110269W,The Mother Lode,Gary Franklin,medium,yes,pending,"revenge-plot, missing-person, quest-journey-narrative","adventurous, tense",medium confidence,,"Joe Moss continues his search for the woman he loves and the child they bore - and finds his beloved Fiona's father, Brendan, whom he hates more than anyone alive. Her father tells him Fiona has killed a prominent mine o"
1,approve,openlibrary_OL20883297W,Klara and the Sun,Kazuo Ishiguro,high,yes,pending,"human-ai-relationship, what-does-it-mean-to-be-human, class-stratification-in-a-future-society, grief-and-loss-as-central-theme","literary-fiction, reflective, sad, emotional",suspect year 2026,,"""Klara and the Sun, the first novel by Kazuo Ishiguro since he was awarded the Nobel Prize in Literature, tells the story of Klara, an Artificial Friend with outstanding observational qualities, who, from her place in th"
1,approve,openlibrary_OL8383188W,The sugar queen,Sarah Addison Allen,medium,yes,pending,"found-family, identity-and-self-discovery, small-town-secrets, second-chance","magical-realism, lighthearted, hopeful, emotional",medium confidence,,"In this irresistible follow-up to her New York Times bestselling debut, Garden Spells, author Sarah Addison Allen tells the tale of a young woman whose family secrets--and secret passions--are about to change her life fo"
1,approve,openlibrary_OL461302W,Camouflage,Joe Haldeman,medium,yes,pending,"immortal-mortal-romance, the-last-of-their-kind, first-contact-with-aliens, shapeshifters","soft-sci-fi, mysterious, reflective",medium confidence,,"An unidentified artifact, found seven miles below the surface of the sea, stumps the scientists examining it but calls out to the two immortal creatures who have wandered the Earth for centuries, never crossing paths unt"
1,approve,openlibrary_OL11999891W,The Help,"Kathryn Stockett, Álvaro Abella Villar, Alvaro Abella",high,yes,pending,"survival-against-historical-injustice, hidden-history-untold-women-s-history, multiple-pov, class-divide, class-social-commentary","historical-fiction, emotional, inspiring, challenging",author field polluted,,"Three ordinary women are about to take one extraordinary step.

Twenty-two-year-old Skeeter has just returned home after graduating from Ole Miss. She may have a degree, but it is 1962, Mississippi, and her mother will"
1,approve,openlibrary_OL83535W,Everything you need,A.L. Kennedy,medium,yes,pending,"interpersonal-character-study, grief-and-loss-as-central-theme, identity-and-self-discovery, tragic-past","literary-fiction, reflective, sad, challenging",medium confidence,,"Nathan Staples is a man in pain: consumed by loathing and love in roughly equal measure. He is sustained only by his devotion to his estranged wife and their teenage daughter, who thinks he's dead having not seen him for"
1,approve,n_space,N-Space,Larry Niven,medium,yes,pending,"novel-in-stories-linked-short-stories-structure, space-exploration, first-contact-with-aliens","hard-sci-fi, adventurous, challenging",medium confidence,,"N-Space is a collection of short stories by American science fiction author Larry Niven released in 1990. Some of the stories are set in Niven's Known Space universe. Also included are various essays, articles and anecdo"
1,approve,openlibrary_OL19996022W,Women,Chloé Caldwell,medium,yes,pending,"forbidden-love, age-gap-may-december-romance, identity-and-self-discovery, interpersonal-character-study","sapphic, lesbian, literary-fiction, emotional, sad",medium confidence,,An anthology of literature realistically portraying women from varying times and cultures. Includes questions and activities.
1,approve,openlibrary_OL4778031W,The Firebrand (Mira (Audio)),Susan Childress,medium,yes,pending,"class-divide, forbidden-love, secret-baby, tragic-past","historical-romance, emotional, tense",medium confidence,,"October 8, 1871—One small spark ignites the entire city of Chicago, sending its residents into panic. But amid the chaos, a miraculous rescue kindles an unexpected new love.As she flees the raging inferno, Lucy Hathaway "
1,approve,genesis,Genesis,Poul Anderson,medium,yes,pending,"uploaded-consciousness-digital-immortality, what-does-it-mean-to-be-human, post-human-society, generation-spanning-saga","hard-sci-fi, reflective, challenging",medium confidence,,"Artificial intelligence has been developed to a point where a human personality can be uploaded into a computer, achieving a sort of hybrid immortality. Astronaut Christian Brannock welcomes this technology, technology t"
1,approve,openlibrary_OL918301W,Odd Man Out,Sarah Ellis,medium,yes,pending,"found-family, coming-of-age","funny, lighthearted",medium confidence,,"When Kip goes to British Columbia to visit his grandmother, it is like going to another planet-- a planet inhabited by five alien girl cousins.  Fortunately, Gran runs a loose ship, and her house is about to be demolishe"
1,approve,openlibrary_OL134874W,Olivia,V.C. Andrews,medium,yes,pending,"multi-generational-family-saga, sibling-bond-as-central-relationship, tragic-past, small-town-secrets","dark, emotional, sad",medium confidence,,"**Olivia always knew her younger sister would get into trouble. But she never realized the undercurrents of disaster would grow to a raging flood....**

Olivia was always the sensible one. The responsible sister. She t"
1,approve,openlibrary_OL14857996W,Mr. and Miss Anonymous,Fern Michaels,medium,yes,pending,"second-chance, tragic-past, identity-and-self-discovery","contemporary-romance, emotional",medium confidence,,"No. 1 New York Times bestselling author Fern Michaels has won millions of fans with her unforgettable, emotionally charged novels. In Mister and Miss Anonymous, she explores the unexpected, often devastating, turns in li"
1,approve,openlibrary_OL675689W,Bluebeard's Egg and other stories,Margaret Atwood,medium,yes,pending,"novel-in-stories-linked-short-stories-structure, interpersonal-character-study, domestic-fiction","literary-fiction, reflective, dark",medium confidence,,A collection of short stories which covers a wide range of human emotions.
1,approve,openlibrary_OL20058947W,Dangerous minds,Janet Evanovich,medium,yes,pending,"conspiracy, quest-journey-narrative, mac-guffin, buddy-cop-mismatched-partners","adventurous, funny, tense",medium confidence,,"Brilliant and boyishly charming, Emerson Knight likes nothing better than solving an unsolvable, improbable mystery. And finding a missing island is better than Christmas morning in the Knight household. When clues lead "
1,approve,openlibrary_OL53168W,The Celestine Prophecy - An Adventure,James Redfield,medium,yes,pending,"quest-journey-narrative, forbidden-knowledge, prophecy, mentor-figure","adventurous, reflective, inspiring",medium confidence,,"Are three decades of interest in modern physics, ecology, mystical religion and interpersonal psychology finally synthesizing into a new spiritual ""common sense""? Are we now beginning to live this new common sense? Can i"
1,approve,openlibrary_OL13716952W,Fantastic Beasts and Where to Find Them,J. K. Rowling,medium,yes,pending,"magical-creatures-bestiary-style-worldbuilding, magical-creatures-as-companions","lighthearted, adventurous",medium confidence,,"The book 'Fantastic Beasts and Where to Find' is a copy of Harry Potter's textbook that was written by Newt Scamander, a magizoologist and fictional character from Series. The book has the same name as previously mention"
1,approve,openlibrary_OL19969226W,Revenge wears Prada,Lauren Weisberger,medium,yes,pending,"workplace-romance, second-chance, midlife-reckoning, class-divide","contemporary-romance, funny, lighthearted",medium confidence,,"A sequel to ""The Devil Wears Prada"" finds Andy Sachs and her partner, Emily, blossoming throughout eight years at the head of a wildly successful high fashion bridal magazine only to be haunted by memories of their forme"
1,approve,openlibrary_OL16701776W,The Kanellis Scandal,Michelle Reid,medium,yes,pending,"secret-heir-lost-heir-secret-royalty, marriage-of-convenience, forbidden-love, class-divide","contemporary-romance, tense, emotional",medium confidence,,"""'It is not wise to make him angry' ... But Anton Pallis is livid! As the adopted son of the Kanellis patriarch, he's set to inherit the vast family fortune. Until it's revealed there's a true heir--in the rather appeali"
1,approve,hardcover_434745,Trust Exercise,"Susan Choi, Suehyla El-Attar, Jennifer Lim, Adina Verson",high,yes,pending,"unreliable-narrator, coming-of-age, teacher-student, twist-ending, interpersonal-character-study","literary-fiction, challenging, dark, reflective",author field polluted,,"In an American suburb in the early 1980s, students at a highly competitive performing arts high school struggle and thrive in a rarified bubble, ambitiously pursuing music, movement, Shakespeare, and, particularly, their"
1,approve,openlibrary_OL27822W,The Test,Katherine Applegate,medium,yes,pending,"alien-invasion, shapeshifters, found-family, rebellion-against-an-oppressive-system","adventurous, tense",medium confidence,,"Tobias, the other Animorphs, and Ax have seen things so bizarre that no sane person would believe their story. No one would believe that aliens have taken over the Earth, and are in the process of infesting as many human"
1,approve,openlibrary_OL17640880W,Homesick For Another World,"Ottessa Moshfegh, Alexandre Gombau Arnau",medium,yes,pending,"novel-in-stories-linked-short-stories-structure, interpersonal-character-study, the-outcast-hero","literary-fiction, dark, challenging, funny",medium confidence,,"Features stories, in which the flesh is weak; the timber is crooked; people are cruel to each other, and stupid, and hurtful, but beauty comes from strange sources. In this book, the author shows us uncomfortable things,"
1,approve,openlibrary_OL8260078W,The Betsy,Harold Robbins,medium,yes,pending,"multi-generational-family-saga, class-divide, corporate-conspiracy, revenge-plot","adventurous, tense",medium confidence,,A race car driver is caught in a family feud for power and position in the automobile industry.
1,approve,openlibrary_OL2771987W,Herland,"Charlotte Perkins Gilman, Alex Goody, Eva Kumar, Evelynn D. Smith, Chavdar Georgiev, Booking, Aurora Irvine",high,yes,pending,"class-social-commentary, first-contact-with-aliens, different-worlds, hidden-history-untold-women-s-history","utopian, challenging, reflective, funny",author field polluted,,"On the eve of WWI, three American male explorers stumble onto an all-female society somewhere in the distant reaches of the earth. Unable to believe their eyes, they promptly set out to find some men, convinced that sinc"
1,approve,the_immortals,The Immortals,Jordanna Max Brodsky,medium,yes,pending,"serial-killer, secret-magical-society-hidden-in-the-mundane-world, immortal-mortal-romance, lone-detective-maverick-investigator","urban-fantasy, mythology-retelling, tense, adventurous",medium confidence,,"""A high quality contemporary fantasy novel that will appeal to a wide range of readers from American Gods to the kids who grew up reading Percy Jackson. The Relentless One, the Bearer of the Bow, the Untamed.....those ar"
1,approve,openlibrary_OL2909420W,Snowfall,Sharon Sala,medium,yes,pending,"serial-killer, bodyguard-romance, race-against-time, cat-and-mouse-pursuit","romantic-suspense, tense, dark",medium confidence,,A killer's hunger rages.... A woman waits in fear.... A cop races to stop the unthinkable.... It's December in Manhattan. Falling snow blankets the city—and covers the body of a murdered woman that bears a special messag
